Date,BAC,CITI,GS,JPMC,MS,BAC_return,CITI_return,GS_return,JPMC_return,MS_return,,,
5/1/2017,20.88,54.38,224.91,77,39.13,-0.0119,-0.01768,-0.00749,-0.00918,-0.00916,,,
6/1/2017,20.88,54.57,228.25,77.01,39.7,0,0.00349,0.01474,0.00013,0.01446,,,
9/1/2017,20.76,54.27,226.38,77.06,38.67,-0.00576,-0.00551,-0.00823,0.00065,-0.02629,,,
10/1/2017,21.12,54.28,226.08,77.28,38.98,0.01719,0.00018,-0.00133,0.00285,0.00798,,,
11/1/2017,21.24,54.04,229.05,77.86,39.54,0.00567,-0.00443,0.01305,0.00748,0.01426,,,
12/1/2017,21.1,53.38,227.26,77.11,39.5,-0.00661,-0.01229,-0.00785,-0.00968,-0.00101,,,
13-01-2017,21.18,53.74,227.69,77.52,39.66,0.00378,0.00672,0.00189,0.0053,0.00404,,,
17-01-2017,20.3,52.62,219.71,74.71,38.16,-0.04244,-0.02106,-0.03568,-0.03692,-0.03856,,,
18-01-2017,20.83,51.72,218.36,75.06,38.8,0.02577,-0.01725,-0.00616,0.00467,0.01663,,,
19-01-2017,20.74,51.07,215.68,74.48,38.43,-0.00433,-0.01265,-0.01235,-0.00776,-0.00958,,,
20-01-2017,20.84,50.57,216.41,74.82,38.56,0.00481,-0.00984,0.00338,0.00455,0.00338,,,
23-01-2017,20.77,50.18,216.85,74.85,37.99,-0.00336,-0.00774,0.00203,0.0004,-0.01489,,,
24-01-2017,21.13,51.14,217.79,75.75,38.68,0.01718,0.01895,0.00433,0.01195,0.018,,,
25-01-2017,21.51,51.99,221.12,76.93,39.71,0.01782,0.01648,0.01517,0.01546,0.02628,,,
26-01-2017,21.58,51.7,223.29,77.57,39.85,0.00325,-0.00559,0.00977,0.00828,0.00352,,,
27-01-2017,21.5,51.47,220.84,77.73,39.7,-0.00371,-0.00446,-0.01103,0.00206,-0.00377,,,
30-01-2017,21.13,51.02,218,76.93,39.22,-0.01736,-0.00878,-0.01294,-0.01035,-0.01216,,,
31-01-2017,20.84,50.32,213.73,75.67,38.64,-0.01382,-0.01382,-0.01978,-0.01651,-0.0149,,,
1/2/2017,21.07,50.52,214.99,75.96,38.83,0.01098,0.00397,0.00588,0.00383,0.00491,,,
2/2/2017,20.91,50.6,214.75,75.64,38.32,-0.00762,0.00158,-0.00112,-0.00422,-0.01322,,,
3/2/2017,21.44,52.21,224.57,77.95,40.41,0.02503,0.03132,0.04471,0.03008,0.05311,,,
6/2/2017,21.28,52.1,223.67,77.59,40.59,-0.00749,-0.00211,-0.00402,-0.00463,0.00444,,,
7/2/2017,21.08,51.69,223.33,77.54,40.81,-0.00944,-0.0079,-0.00152,-0.00064,0.00541,,,
8/2/2017,20.87,50.91,221.57,76.86,39.93,-0.01001,-0.0152,-0.00791,-0.00881,-0.0218,,,
9/2/2017,21.28,51.75,225.13,77.97,40.79,0.01945,0.01637,0.01594,0.01434,0.02131,,,
10/2/2017,21.24,52.09,226.22,77.79,40.65,-0.00188,0.00655,0.00483,-0.00231,-0.00344,,,
13-02-2017,21.54,53.28,229.53,78.82,41.16,0.01403,0.02259,0.01453,0.01315,0.01247,,,
14-02-2017,22.15,54.08,232.5,80.08,41.87,0.02793,0.0149,0.01286,0.01586,0.0171,,,
15-02-2017,22.63,54.68,233.51,81,42.28,0.02144,0.01103,0.00433,0.01142,0.00974,,,
16-02-2017,22.63,54.57,232.48,80.95,41.94,0,-0.00201,-0.00442,-0.00062,-0.00807,,,
17-02-2017,22.57,54.39,233.36,80.68,41.97,-0.00265,-0.0033,0.00378,-0.00334,0.00072,,,
21-02-2017,22.81,54.73,234.64,81.38,42.34,0.01058,0.00623,0.00547,0.00864,0.00878,,,
22-02-2017,22.82,54.79,234.62,81.42,42.31,0.00044,0.0011,-0.00009,0.00049,-0.00071,,,
23-02-2017,22.63,54.79,234.11,81.49,42.36,-0.00836,0,-0.00218,0.00086,0.00118,,,
24-02-2017,22.3,53.83,230.53,80.77,41.41,-0.01469,-0.01768,-0.01541,-0.00887,-0.02268,,,
27-02-2017,22.62,54.25,232.38,80.86,41.69,0.01425,0.00777,0.00799,0.00111,0.00674,,,
28-02-2017,22.72,54.06,231.8,81.03,41.54,0.00441,-0.00351,-0.0025,0.0021,-0.0036,,,
1/3/2017,23.54,55.62,236.15,83.69,42.57,0.03546,0.02845,0.01859,0.0323,0.02449,,,
2/3/2017,23.29,54.8,234.6,82.39,42.09,-0.01068,-0.01485,-0.00659,-0.01566,-0.01134,,,
3/3/2017,23.49,55.14,236.31,82.98,42.59,0.00855,0.00619,0.00726,0.00714,0.01181,,,
6/3/2017,23.31,54.48,235.49,82.19,42.35,-0.00769,-0.01204,-0.00348,-0.00957,-0.00565,,,
7/3/2017,23.28,54.68,234.45,81.74,42.14,-0.00129,0.00366,-0.00443,-0.00549,-0.00497,,,
8/3/2017,23.32,55.23,233.84,81.56,42.19,0.00172,0.01001,-0.00261,-0.0022,0.00119,,,
9/3/2017,23.41,55.63,233.78,81.88,42.45,0.00385,0.00722,-0.00026,0.00392,0.00614,,,
10/3/2017,23.37,55.58,232.1,81.62,42.28,-0.00171,-0.0009,-0.00721,-0.00318,-0.00401,,,
13-03-2017,23.36,55.61,231.89,81.69,42.07,-0.00043,0.00054,-0.00091,0.00086,-0.00498,,,
14-03-2017,23.38,55.53,231.48,81.83,42.01,0.00086,-0.00144,-0.00177,0.00171,-0.00143,,,
15-03-2017,23.25,54.99,230.6,82.02,41.7,-0.00558,-0.00977,-0.00381,0.00232,-0.00741,,,
16-03-2017,23.29,55.27,231.95,81.94,42.14,0.00172,0.00508,0.00584,-0.00098,0.0105,,,
17-03-2017,22.95,54.57,227.95,81.08,40.94,-0.01471,-0.01275,-0.0174,-0.01055,-0.02889,,,
20-03-2017,22.57,53.86,226.27,80.5,40.55,-0.0167,-0.0131,-0.0074,-0.00718,-0.00957,,,
21-03-2017,21.25,52.46,217.73,78.14,38.8,-0.06026,-0.02634,-0.03847,-0.02976,-0.04412,,,
22-03-2017,21.18,52.22,215.92,78.27,38.39,-0.0033,-0.00459,-0.00835,0.00166,-0.01062,,,
23-03-2017,21.3,52.47,216.7,78.14,38.73,0.00565,0.00478,0.00361,-0.00166,0.00882,,,
24-03-2017,21.35,52.49,213.44,78.05,38.62,0.00234,0.00038,-0.01516,-0.00115,-0.00284,,,
27-03-2017,21.26,52.72,210.7,78.01,37.82,-0.00422,0.00437,-0.01292,-0.00051,-0.02093,,,
28-03-2017,21.68,53.71,214.3,79.22,38.64,0.01956,0.0186,0.01694,0.01539,0.02145,,,
29-03-2017,21.56,53.68,213.48,78.93,38.93,-0.00555,-0.00056,-0.00383,-0.00367,0.00748,,,
30-03-2017,22.04,54.69,216.06,79.61,39.5,0.02202,0.01864,0.01201,0.00858,0.01454,,,
31-03-2017,21.78,54.07,214.66,78.54,38.96,-0.01187,-0.0114,-0.0065,-0.01353,-0.01377,,,
3/4/2017,21.78,53.94,213.95,78.26,38.84,0,-0.00241,-0.00331,-0.00357,-0.00308,,,
4/4/2017,21.64,53.94,214.23,78.52,38.66,-0.00645,0,0.00131,0.00332,-0.00465,,,
5/4/2017,21.39,53.86,212.74,77.96,37.96,-0.01162,-0.00148,-0.00698,-0.00716,-0.01827,,,
6/4/2017,21.48,54.13,213.65,78.22,38.28,0.0042,0.005,0.00427,0.00333,0.00839,,,
7/4/2017,21.38,53.72,212.94,77.95,38.15,-0.00467,-0.0076,-0.00333,-0.00346,-0.0034,,,
10/4/2017,21.25,53.58,213.89,77.68,38.12,-0.0061,-0.00261,0.00445,-0.00347,-0.00079,,,
11/4/2017,21.16,53.35,212.81,77.54,37.82,-0.00424,-0.0043,-0.00506,-0.0018,-0.0079,,,
12/4/2017,20.91,52.88,210.95,77.24,37.35,-0.01189,-0.00885,-0.00878,-0.00388,-0.01251,,,
13-04-2017,20.63,52.46,208.68,76.34,37.01,-0.01348,-0.00797,-0.01082,-0.01172,-0.00914,,,
17-04-2017,21.06,53.32,211.43,77.66,37.73,0.02063,0.01626,0.01309,0.01714,0.01927,,,
18-04-2017,20.97,52.8,201.46,77.03,37.48,-0.00428,-0.0098,-0.0483,-0.00815,-0.00665,,,
19-04-2017,21,52.18,200.06,76.39,38.23,0.00143,-0.01181,-0.00697,-0.00834,0.01981,,,
20-04-2017,21.3,52.79,203.77,77.38,38.65,0.01418,0.01162,0.01837,0.01288,0.01093,,,
21-04-2017,20.97,52.17,202.65,76.45,38.02,-0.01561,-0.01181,-0.00551,-0.01209,-0.01643,,,
24-04-2017,21.82,53.73,208.59,79.14,39.62,0.03973,0.02946,0.02889,0.03458,0.04122,,,
25-04-2017,22.14,54.42,211.78,79.83,40.26,0.01456,0.01276,0.01518,0.00868,0.01602,,,
26-04-2017,22.06,54.32,211.37,79.98,40.35,-0.00362,-0.00184,-0.00194,0.00188,0.00223,,,
27-04-2017,21.84,53.82,211.01,79.24,39.78,-0.01002,-0.00925,-0.0017,-0.0093,-0.01423,,,
28-04-2017,21.55,53.58,209.13,78.69,39.62,-0.01337,-0.00447,-0.00895,-0.00697,-0.00403,,,
1/5/2017,21.8,53.89,210.11,78.75,39.96,0.01153,0.00577,0.00468,0.00076,0.00854,,,
2/5/2017,21.73,54.11,210.36,78.24,39.6,-0.00322,0.00407,0.00119,-0.0065,-0.00905,,,
3/5/2017,21.95,54.59,211.48,78.69,39.72,0.01007,0.00883,0.00531,0.00574,0.00303,,,
4/5/2017,22.02,54.57,211.74,78.78,39.54,0.00318,-0.00037,0.00123,0.00114,-0.00454,,,
5/5/2017,21.92,54.59,212,78.69,39.36,-0.00455,0.00037,0.00123,-0.00114,-0.00456,,,
8/5/2017,22.12,54.83,210.28,78.78,39.3,0.00908,0.00439,-0.00815,0.00114,-0.00153,,,
9/5/2017,22.14,54.58,209.09,78.46,39.13,0.0009,-0.00457,-0.00568,-0.00407,-0.00434,,,
10/5/2017,22.3,54.71,210.14,79.08,39.38,0.0072,0.00238,0.00501,0.00787,0.00637,,,
11/5/2017,22.22,55.01,210.03,78.84,39.17,-0.00359,0.00547,-0.00052,-0.00304,-0.00535,,,
12/5/2017,22.16,55.35,208.21,78.62,39.04,-0.0027,0.00616,-0.0087,-0.00279,-0.00332,,,
15-05-2017,22.21,55.66,210.36,79,39.68,0.00225,0.00559,0.01027,0.00482,0.01626,,,
16-05-2017,22.15,56.63,210.81,79.24,39.63,-0.00271,0.01728,0.00214,0.00303,-0.00126,,,
17-05-2017,20.84,54.36,199.71,76.22,37.43,-0.06096,-0.04091,-0.05409,-0.03886,-0.05711,,,
18-05-2017,21,54.45,201.06,75.94,37.74,0.00765,0.00165,0.00674,-0.00368,0.00825,,,
19-05-2017,21.28,55.37,201.27,76.68,38.19,0.01325,0.01676,0.00104,0.0097,0.01185,,,
22-05-2017,21.27,55.34,201.86,76.61,38.06,-0.00047,-0.00054,0.00293,-0.00091,-0.00341,,,
23-05-2017,21.6,55.93,205.24,77.57,38.75,0.0154,0.0106,0.01661,0.01245,0.01797,,,
24-05-2017,21.57,56.43,209.16,77.52,38.95,-0.00139,0.0089,0.01892,-0.00064,0.00515,,,
25-05-2017,21.47,56.14,207.89,77.2,38.95,-0.00465,-0.00515,-0.00609,-0.00414,0,,,
26-05-2017,21.46,56.25,208.88,77.21,39.14,-0.00047,0.00196,0.00475,0.00013,0.00487,,,
30-05-2017,21.15,55.86,204.79,75.89,38.63,-0.01455,-0.00696,-0.01977,-0.01724,-0.01312,,,
31-05-2017,20.76,54.87,198.08,74.3,38.13,-0.01861,-0.01788,-0.03331,-0.02117,-0.01303,,,
1/6/2017,20.96,55.36,201.59,75.13,38.93,0.00959,0.00889,0.01756,0.01111,0.02076,,,
2/6/2017,20.8,55.38,200,74.75,38.85,-0.00766,0.00036,-0.00792,-0.00507,-0.00206,,,
5/6/2017,20.76,55.51,200.64,74.88,39.18,-0.00192,0.00234,0.00319,0.00174,0.00846,,,
6/6/2017,20.59,55.29,201.14,75.04,39.23,-0.00822,-0.00397,0.00249,0.00213,0.00128,,,
7/6/2017,20.93,56.08,202.32,75.9,39.54,0.01638,0.01419,0.00585,0.0114,0.00787,,,
8/6/2017,21.28,57.29,205.11,76.84,40.29,0.01658,0.02135,0.0137,0.01231,0.01879,,,
9/6/2017,21.93,58.41,208.56,78.65,41.03,0.03009,0.01936,0.01668,0.02328,0.0182,,,
12/6/2017,22.03,58.29,208.06,78.67,40.97,0.00455,-0.00206,-0.0024,0.00025,-0.00146,,,
13-06-2017,22.02,58.63,210.21,78.94,41.25,-0.00045,0.00582,0.01028,0.00343,0.00681,,,
14-06-2017,22.01,58.65,212.38,78.77,41.03,-0.00045,0.00034,0.01027,-0.00216,-0.00535,,,
15-06-2017,21.81,58.09,209.3,78.3,40.83,-0.00913,-0.00959,-0.01461,-0.00598,-0.00489,,,
16-06-2017,21.7,57.9,207.97,77.95,40.64,-0.00506,-0.00328,-0.00637,-0.00448,-0.00466,,,
19-06-2017,22.15,58.44,212.02,79.66,41.77,0.02053,0.00928,0.01929,0.0217,0.02743,,,
20-06-2017,21.76,57.92,211.05,79.16,41.57,-0.01776,-0.00894,-0.00459,-0.0063,-0.0048,,,
21-06-2017,21.43,57.85,208.61,78.8,41.03,-0.01528,-0.00121,-0.01163,-0.00456,-0.01308,,,
22-06-2017,21.24,57.66,206.06,78.71,40.75,-0.00891,-0.00329,-0.0123,-0.00114,-0.00685,,,
23-06-2017,21.14,57.47,203.64,78.56,39.91,-0.00472,-0.0033,-0.01181,-0.00191,-0.02083,,,
26-06-2017,21.2,57.8,206.68,78.91,40.2,0.00283,0.00573,0.01482,0.00445,0.00724,,,
27-06-2017,21.56,58.21,206.53,79.64,40.4,0.01684,0.00707,-0.00073,0.00921,0.00496,,,
28-06-2017,22.12,59.07,209.29,81.24,40.49,0.02564,0.01467,0.01328,0.01989,0.00223,,,
29-06-2017,22.53,60.7,210.41,82.44,40.88,0.01837,0.02722,0.00534,0.01466,0.00959,,,
30-06-2017,22.47,60.61,208.05,82.67,40.71,-0.00267,-0.00148,-0.01128,0.00279,-0.00417,,,
3/7/2017,22.86,61.86,213.1,84.35,41.67,0.01721,0.02041,0.02398,0.02012,0.02331,,,
5/7/2017,23.08,62.03,213.81,85.2,42.17,0.00958,0.00274,0.00333,0.01003,0.01193,,,
6/7/2017,22.89,61.29,212.54,84.93,42.14,-0.00827,-0.012,-0.00596,-0.00317,-0.00071,,,
7/7/2017,23,61.54,211.22,85.35,42.07,0.00479,0.00407,-0.00623,0.00493,-0.00166,,,
10/7/2017,23.06,61.31,211.75,84.75,42.02,0.00261,-0.00374,0.00251,-0.00705,-0.00119,,,
11/7/2017,22.79,60.56,212.79,84.43,41.55,-0.01178,-0.01231,0.0049,-0.00378,-0.01125,,,
12/7/2017,22.56,60.65,213.2,84.13,41.07,-0.01014,0.00149,0.00192,-0.00356,-0.01162,,,
13-07-2017,22.81,60.74,216.02,84.67,41.59,0.01102,0.00148,0.01314,0.0064,0.01258,,,
14-07-2017,22.43,60.47,214.34,83.9,41.29,-0.0168,-0.00446,-0.00781,-0.00914,-0.00724,,,
17-07-2017,22.25,60.57,214.95,83.12,41.41,-0.00806,0.00165,0.00284,-0.00934,0.0029,,,
18-07-2017,22.14,60.62,209.38,82.83,41.24,-0.00496,0.00083,-0.02625,-0.0035,-0.00411,,,
19-07-2017,22.29,60.45,208.96,82.94,42.59,0.00675,-0.00281,-0.00201,0.00133,0.03221,,,
20-07-2017,22.18,60.14,208.43,82.94,42.49,-0.00495,-0.00514,-0.00254,0,-0.00235,,,
21-07-2017,22.05,59.81,206.44,82.66,42.56,-0.00588,-0.0055,-0.00959,-0.00338,0.00165,,,
24-07-2017,22.15,59.9,204.57,83.02,42.67,0.00452,0.0015,-0.0091,0.00435,0.00258,,,
25-07-2017,22.68,61.65,207.75,84.4,43.5,0.02365,0.0288,0.01543,0.01649,0.01926,,,
26-07-2017,22.43,61.61,208.38,83.61,43.13,-0.01108,-0.00065,0.00303,-0.0094,-0.00854,,,
27-07-2017,22.33,61.26,207.66,83.26,43.25,-0.00447,-0.0057,-0.00346,-0.00419,0.00278,,,
28-07-2017,22.26,61.11,209.66,83.02,42.85,-0.00314,-0.00245,0.00959,-0.00289,-0.00929,,,
31-07-2017,22.34,62.03,211.27,83.49,43.08,0.00359,0.01494,0.00765,0.00565,0.00535,,,
1/8/2017,22.65,63.08,212.83,84.61,43.36,0.01378,0.01679,0.00736,0.01333,0.00648,,,
2/8/2017,22.78,62.91,212.15,84.68,43.47,0.00572,-0.0027,-0.0032,0.00083,0.00253,,,
3/8/2017,22.57,62.03,210.01,84.13,43.41,-0.00926,-0.01409,-0.01014,-0.00652,-0.00138,,,
4/8/2017,23.13,62.8,215.45,85.18,44.16,0.02451,0.01234,0.02557,0.0124,0.01713,,,
7/8/2017,23.12,62.86,218.39,85.51,44.37,-0.00043,0.00095,0.01355,0.00387,0.00474,,,
8/8/2017,23.07,62.71,217.57,85.2,44.02,-0.00216,-0.00239,-0.00376,-0.00363,-0.00792,,,
9/8/2017,22.92,62.3,216.59,85.06,43.76,-0.00652,-0.00656,-0.00451,-0.00164,-0.00592,,,
10/8/2017,22.34,61.2,211.43,83.84,42.52,-0.02563,-0.01781,-0.02411,-0.01445,-0.02875,,,
11/8/2017,22.1,60.82,210.16,83.14,41.93,-0.0108,-0.00623,-0.00602,-0.00838,-0.01397,,,
14-08-2017,22.62,61.81,213.17,84.12,42.72,0.02326,0.01615,0.01422,0.01172,0.01867,,,
15-08-2017,22.67,61.88,213.39,84.33,42.64,0.00221,0.00113,0.00103,0.00249,-0.00187,,,
16-08-2017,22.41,61.65,211.53,83.75,42.26,-0.01154,-0.00372,-0.00875,-0.0069,-0.00895,,,
17-08-2017,21.9,60.64,207.6,82.44,41.41,-0.02302,-0.01652,-0.01875,-0.01577,-0.02032,,,
18-08-2017,21.88,60.62,208.29,82.53,41.69,-0.00091,-0.00033,0.00332,0.00109,0.00674,,,
21-08-2017,21.66,60.05,207.01,82.43,41.04,-0.01011,-0.00945,-0.00616,-0.00121,-0.01571,,,
22-08-2017,22.07,60.86,209.63,83.27,41.85,0.01875,0.0134,0.01258,0.01014,0.01954,,,
23-08-2017,22.01,61.21,208.84,83.37,42.06,-0.00272,0.00573,-0.00378,0.0012,0.00501,,,
24-08-2017,22.08,61.63,209.08,83.23,42.25,0.00318,0.00684,0.00115,-0.00168,0.00451,,,
25-08-2017,22.02,61.78,208.59,83.57,42.19,-0.00272,0.00243,-0.00235,0.00408,-0.00142,,,
28-08-2017,21.97,61.74,206.6,83.31,41.77,-0.00227,-0.00065,-0.00959,-0.00312,-0.01,,,
29-08-2017,21.84,61.44,206.94,82.85,41.65,-0.00593,-0.00487,0.00164,-0.00554,-0.00288,,,
30-08-2017,22.22,61.92,209.25,83.04,41.94,0.01725,0.00778,0.0111,0.00229,0.00694,,,
31-08-2017,22.24,61.94,210.49,82.66,41.79,0.0009,0.00032,0.00591,-0.00459,-0.00358,,,
1/9/2017,22.43,62.44,212.51,83.4,42.42,0.00851,0.00804,0.00955,0.00891,0.01496,,,
5/9/2017,21.7,61.15,204.89,81.41,41.23,-0.03309,-0.02088,-0.03652,-0.02415,-0.02845,,,
6/9/2017,21.8,61.29,205.88,81.95,41.39,0.0046,0.00229,0.00482,0.00661,0.00387,,,
7/9/2017,21.39,60.15,203.06,80.52,40.48,-0.01899,-0.01878,-0.01379,-0.0176,-0.02223,,,
8/9/2017,21.31,60.25,204.35,80.42,40.42,-0.00375,0.00166,0.00633,-0.00124,-0.00148,,,
11/9/2017,21.75,61.65,207.97,81.66,41.48,0.02044,0.02297,0.01756,0.0153,0.02589,,,
12/9/2017,22.3,62.63,212.57,82.66,42.02,0.02497,0.01577,0.02188,0.01217,0.01293,,,
13-09-2017,22.65,63.18,213.15,82.9,42.45,0.01557,0.00874,0.00272,0.0029,0.01018,,,
14-09-2017,22.57,63.04,213.42,82.73,42.63,-0.00354,-0.00222,0.00127,-0.00205,0.00423,,,
15-09-2017,22.7,62.86,211.89,83.33,42.8,0.00574,-0.00286,-0.00719,0.00723,0.00398,,,
18-09-2017,23,64.28,214.06,84.51,43.46,0.01313,0.02234,0.01019,0.01406,0.0153,,,
19-09-2017,23.15,64.78,215.36,85.44,43.78,0.0065,0.00775,0.00605,0.01094,0.00734,,,
20-09-2017,23.33,65.06,216.19,86.04,43.98,0.00775,0.00431,0.00385,0.007,0.00456,,,
21-09-2017,23.43,65.34,217.6,86.43,44.32,0.00428,0.00429,0.0065,0.00452,0.0077,,,
22-09-2017,23.3,65.01,217.35,86.24,44.29,-0.00556,-0.00506,-0.00115,-0.0022,-0.00068,,,
25-09-2017,23.05,64.5,216.63,85.6,43.85,-0.01079,-0.00788,-0.00332,-0.00745,-0.00998,,,
26-09-2017,23.1,64.59,216.33,85.22,43.59,0.00217,0.00139,-0.00139,-0.00445,-0.00595,,,
27-09-2017,23.66,65.81,220.86,86.56,44.15,0.02395,0.01871,0.02072,0.0156,0.01277,,,
28-09-2017,23.7,66.15,221.53,86.75,44.22,0.00169,0.00515,0.00303,0.00219,0.00158,,,
29-09-2017,23.59,66.23,223.15,86.86,44.24,-0.00465,0.00121,0.00729,0.00127,0.00045,,,
2/10/2017,23.85,67.19,226.4,88.07,44.93,0.01096,0.01439,0.01446,0.01383,0.01548,,,
3/10/2017,24.08,67.49,227.32,88.54,45.26,0.0096,0.00446,0.00406,0.00532,0.00732,,,
4/10/2017,23.94,67.43,226.08,87.64,45.01,-0.00583,-0.00089,-0.00547,-0.01022,-0.00554,,,
5/10/2017,24.33,68.94,231.49,88.82,45.58,0.01616,0.02215,0.02365,0.01337,0.01258,,,
6/10/2017,24.4,68.87,231.46,88.66,45.7,0.00287,-0.00102,-0.00013,-0.0018,0.00263,,,
9/10/2017,24.07,68.64,228.43,88.19,45.35,-0.01362,-0.00335,-0.01318,-0.00532,-0.00769,,,
10/10/2017,24.14,68.45,228.24,88.85,45.45,0.0029,-0.00277,-0.00083,0.00746,0.0022,,,
11/10/2017,24.05,68.23,228.05,88.59,45.17,-0.00374,-0.00322,-0.00083,-0.00293,-0.00618,,,
12/10/2017,23.7,65.89,225.6,87.81,44.63,-0.01466,-0.0349,-0.0108,-0.00884,-0.01203,,,
13-10-2017,24.05,65.65,224.41,87.69,44.36,0.01466,-0.00365,-0.00529,-0.00137,-0.00607,,,
16-10-2017,24.43,65.34,228.06,89.5,44.95,0.01568,-0.00473,0.01613,0.02043,0.01321,,,
17-10-2017,24.39,65.73,222.11,89.3,45.11,-0.00164,0.00595,-0.02644,-0.00224,0.00355,,,
18-10-2017,24.65,66.57,227.7,89.64,46.06,0.0106,0.0127,0.02486,0.0038,0.02084,,,
19-10-2017,24.75,66.35,225.78,89.75,45.73,0.00405,-0.00331,-0.00847,0.00123,-0.00719,,,
20-10-2017,25.3,66.95,230.24,91.03,46.55,0.02198,0.009,0.01956,0.01416,0.01777,,,
23-10-2017,25.29,66.95,227.8,90.87,46.48,-0.0004,0,-0.01065,-0.00176,-0.0015,,,
24-10-2017,25.77,67.59,230.35,92.32,46.91,0.0188,0.00951,0.01113,0.01583,0.00921,,,
25-10-2017,25.73,67.03,227.4,92.41,46.41,-0.00155,-0.00832,-0.01289,0.00097,-0.01072,,,
26-10-2017,25.83,67.18,227.41,93.07,46.63,0.00388,0.00224,0.00004,0.00712,0.00473,,,
27-10-2017,25.88,67.26,227.4,93.1,46.99,0.00193,0.00119,-0.00004,0.00032,0.00769,,,
30-10-2017,25.7,67.17,226.63,92.77,46.57,-0.00698,-0.00134,-0.00339,-0.00355,-0.00898,,,
31-10-2017,25.5,66.92,228.13,92.04,46.15,-0.00781,-0.00373,0.0066,-0.0079,-0.00906,,,
1/11/2017,25.63,67.4,229.8,92.32,45.81,0.00509,0.00715,0.00729,0.00304,-0.00739,,,
2/11/2017,25.95,68.05,232.26,92.93,46.54,0.01241,0.0096,0.01065,0.00659,0.01581,,,
3/11/2017,25.9,67.71,229.93,92.77,46.17,-0.00193,-0.00501,-0.01008,-0.00172,-0.00798,,,
6/11/2017,25.84,67.48,229.08,92.19,46.28,-0.00232,-0.0034,-0.0037,-0.00627,0.00238,,,
7/11/2017,25.31,66.48,225.61,90.33,45.58,-0.02072,-0.01493,-0.01526,-0.02038,-0.01524,,,
8/11/2017,24.94,66.15,226.97,89.32,45.26,-0.01473,-0.00498,0.00601,-0.01124,-0.00705,,,
9/11/2017,24.66,66.23,226.54,89.31,45.06,-0.01129,0.00121,-0.0019,-0.00011,-0.00443,,,
10/11/2017,24.68,66.06,225.93,89.2,45,0.00081,-0.00257,-0.0027,-0.00123,-0.00133,,,
13-11-2017,24.58,65.83,226.05,89.52,44.88,-0.00406,-0.00349,0.00053,0.00358,-0.00267,,,
14-11-2017,24.43,65.41,223.2,88.98,44.65,-0.00612,-0.0064,-0.01269,-0.00605,-0.00514,,,
15-11-2017,24.94,65.59,223.54,89.82,44.39,0.02066,0.00275,0.00152,0.0094,-0.00584,,,
16-11-2017,24.92,65.53,225.2,90.08,44.86,-0.0008,-0.00092,0.0074,0.00289,0.01053,,,
17-11-2017,24.78,65.22,223.93,89.78,44.95,-0.00563,-0.00474,-0.00566,-0.00334,0.002,,,
20-11-2017,24.9,65.88,224.03,90.57,45.33,0.00483,0.01007,0.00045,0.00876,0.00842,,,
21-11-2017,24.89,66.18,223.93,90.5,45.58,-0.0004,0.00454,-0.00045,-0.00077,0.0055,,,
22-11-2017,24.82,66.07,222.43,90.23,45.31,-0.00282,-0.00166,-0.00672,-0.00299,-0.00594,,,
24-11-2017,24.76,65.85,221.98,89.94,45.28,-0.00242,-0.00334,-0.00203,-0.00322,-0.00066,,,
27-11-2017,24.76,65.28,221.19,89.58,45.22,0,-0.00869,-0.00357,-0.00401,-0.00133,,,
28-11-2017,25.73,67.39,225.24,92.72,46.52,0.03843,0.03181,0.01814,0.03445,0.02834,,,
29-11-2017,26.33,68.62,227.79,94.89,47.37,0.02305,0.01809,0.01126,0.02313,0.01811,,,
30-11-2017,26.34,69.04,233.71,95.61,47.63,0.00038,0.0061,0.02566,0.00756,0.00547,,,
1/12/2017,26.27,69.05,234.95,95.86,47.95,-0.00266,0.00014,0.00529,0.00261,0.0067,,,
4/12/2017,27.17,70.5,236.55,97.84,48.62,0.03369,0.02078,0.00679,0.02044,0.01388,,,
5/12/2017,27.05,69.99,234.36,96.71,48,-0.00443,-0.00726,-0.0093,-0.01162,-0.01283,,,
6/12/2017,26.78,68.98,232.12,95.99,47.71,-0.01003,-0.01454,-0.0096,-0.00747,-0.00606,,,
7/12/2017,26.91,68.56,234.58,95.7,48.32,0.00484,-0.00611,0.01054,-0.00303,0.0127,,,
8/12/2017,27.16,69.23,236.27,96.9,48.82,0.00925,0.00973,0.00718,0.01246,0.01029,,,
11/12/2017,27.06,69.36,236.06,96.62,48.7,-0.00369,0.00188,-0.00089,-0.00289,-0.00246,,,
12/12/2017,27.42,69.63,243.19,97.74,49.7,0.01322,0.00389,0.02976,0.01153,0.02033,,,
13-12-2017,26.97,68.71,241.19,96.52,49.08,-0.01655,-0.0133,-0.00826,-0.01256,-0.01255,,,
14-12-2017,26.86,67.59,241.11,95.74,48.58,-0.00409,-0.01643,-0.00033,-0.00811,-0.01024,,,
15-12-2017,27.15,68.37,242.71,97.1,49.01,0.01074,0.01147,0.00661,0.01411,0.00881,,,
18-12-2017,27.56,69.19,245.4,97.85,49.14,0.01499,0.01192,0.01102,0.00769,0.00265,,,
19-12-2017,27.54,68.3,242.05,97.43,48.85,-0.00073,-0.01295,-0.01375,-0.0043,-0.00592,,,
20-12-2017,27.56,68.27,240.83,97.1,48.46,0.00073,-0.00044,-0.00505,-0.00339,-0.00802,,,
21-12-2017,27.88,69.33,246.33,98.64,48.81,0.01154,0.01541,0.02258,0.01574,0.0072,,,
22-12-2017,27.94,69.03,244.4,98.29,48.66,0.00215,-0.00434,-0.00787,-0.00355,-0.00308,,,
26-12-2017,27.85,68.38,243.23,97.9,48.43,-0.00323,-0.00946,-0.0048,-0.00398,-0.00474,,,
27-12-2017,27.8,68.48,241.55,98.08,48.52,-0.0018,0.00146,-0.00693,0.00184,0.00186,,,
28-12-2017,27.86,68.65,242.07,98.6,48.59,0.00216,0.00248,0.00215,0.00529,0.00144,,,
29-12-2017,27.6,68.04,240.43,97.83,48.43,-0.00938,-0.00893,-0.0068,-0.00784,-0.0033,,,
2/1/2018,27.96,67.99,241.29,98.75,48.17,0.01296,-0.00074,0.00357,0.00936,-0.00538,,,
3/1/2018,27.86,68.2,239.04,98.85,48.3,-0.00358,0.00308,-0.00937,0.00101,0.0027,,,
4/1/2018,28.23,69.05,242.39,100.27,49.04,0.01319,0.01239,0.01392,0.01426,0.0152,,,
5/1/2018,28.36,68.95,241.15,99.62,49.02,0.00459,-0.00145,-0.00513,-0.0065,-0.00041,,,
8/1/2018,28.16,68.15,237.65,99.77,48.82,-0.00708,-0.01167,-0.01462,0.0015,-0.00409,,,
9/1/2018,28.3,68.86,239.66,100.28,49.19,0.00496,0.01036,0.00842,0.0051,0.00755,,,
10/1/2018,28.57,69.17,240.03,101.38,49.78,0.0095,0.00449,0.00154,0.01091,0.01192,,,
11/1/2018,28.67,69.09,240.78,101.92,50.02,0.00349,-0.00116,0.00312,0.00531,0.00481,,,
12/1/2018,29.16,70.26,242.57,103.61,50.87,0.01695,0.01679,0.00741,0.01645,0.01685,,,
16-01-2018,29.21,70.51,243.92,103.24,50.39,0.00171,0.00355,0.00555,-0.00358,-0.00948,,,
17-01-2018,29.15,70.84,239.38,103.9,51.09,-0.00206,0.00467,-0.01879,0.00637,0.0138,,,
18-01-2018,29.43,70.76,236.85,104.15,51.54,0.00956,-0.00113,-0.01063,0.0024,0.00877,,,
19-01-2018,29.66,71.6,241.72,103.92,53.03,0.00778,0.0118,0.02035,-0.00221,0.0285,,,
22-01-2018,29.86,71.86,246.81,105.13,52.94,0.00672,0.00362,0.02084,0.01158,-0.0017,,,
23-01-2018,29.85,71.82,245.46,105.02,52.53,-0.00033,-0.00056,-0.00548,-0.00105,-0.00777,,,
24-01-2018,30.01,72.65,250.74,106.36,52.83,0.00535,0.01149,0.02128,0.01268,0.00569,,,
25-01-2018,30.01,72.64,253.9,106.39,52.43,0,-0.00014,0.01252,0.00028,-0.0076,,,
26-01-2018,30.11,73.22,253.06,106.96,53.16,0.00333,0.00795,-0.00331,0.00534,0.01383,,,
29-01-2018,30.18,73.11,257.16,106.85,53.02,0.00232,-0.0015,0.01607,-0.00103,-0.00264,,,
30-01-2018,29.81,71.89,253.81,105.85,52.47,-0.01234,-0.01683,-0.01311,-0.0094,-0.01043,,,
31-01-2018,29.92,71.76,252.82,106.36,52.42,0.00368,-0.00181,-0.00391,0.00481,-0.00095,,,
1/2/2018,30.39,72.42,256.92,107.47,53.26,0.01559,0.00916,0.01609,0.01038,0.0159,,,
2/2/2018,29.87,70.71,245.41,105.09,51.43,-0.01726,-0.0239,-0.04583,-0.02239,-0.03496,,,
5/2/2018,28.29,67.27,235.1,100.05,48.71,-0.05435,-0.04987,-0.04292,-0.04915,-0.05434,,,
6/2/2018,29.17,68.69,244.15,103.09,50.36,0.03063,0.02089,0.03777,0.02993,0.03331,,,
7/2/2018,29.22,68.85,242.64,103.79,50.57,0.00171,0.00233,-0.0062,0.00677,0.00416,,,
8/2/2018,27.81,65.98,232.49,99.2,48.01,-0.04946,-0.04258,-0.04273,-0.04523,-0.05195,,,
9/2/2018,28.36,67.64,235.28,101.19,48.33,0.01958,0.02485,0.01193,0.01986,0.00664,,,
12/2/2018,29.1,68.64,238.92,102.75,49.53,0.02576,0.01468,0.01535,0.0153,0.02453,,,
13-02-2018,29.15,69.02,241.16,103.38,49.49,0.00172,0.00552,0.00933,0.00611,-0.00081,,,
14-02-2018,29.92,70.43,247.81,105.78,51.03,0.02607,0.02022,0.0272,0.02295,0.03064,,,
15-02-2018,30.12,70.77,252.63,106.22,51.36,0.00666,0.00482,0.01926,0.00415,0.00645,,,
16-02-2018,29.89,70.53,252.57,105.45,51.11,-0.00767,-0.0034,-0.00024,-0.00728,-0.00488,,,
20-02-2018,29.86,70.2,249.99,105.48,51.04,-0.001,-0.00469,-0.01027,0.00028,-0.00137,,,
21-02-2018,29.8,70.69,248.59,105.92,51.08,-0.00201,0.00696,-0.00562,0.00416,0.00078,,,
22-02-2018,29.63,70.02,246.73,105.73,50.85,-0.00572,-0.00952,-0.00751,-0.0018,-0.00451,,,
23-02-2018,29.95,70.77,251.77,107.87,51.98,0.01074,0.01065,0.02022,0.02004,0.02198,,,
26-02-2018,30.31,71.29,256,109.21,52.85,0.01195,0.00732,0.01666,0.01235,0.0166,,,
27-02-2018,30.23,70.12,252.86,107.92,52.58,-0.00264,-0.01655,-0.01234,-0.01188,-0.00512,,,
28-02-2018,30.01,69.31,248.84,106.21,51.93,-0.0073,-0.01162,-0.01603,-0.01597,-0.01244,,,
1/3/2018,29.55,67.63,243.02,104.3,50.51,-0.01545,-0.02454,-0.02367,-0.01815,-0.02773,,,
2/3/2018,29.69,67.64,244.29,104.2,50.74,0.00473,0.00015,0.00521,-0.00096,0.00454,,,
5/3/2018,30.16,68.32,249.02,105.8,51.44,0.01571,0.01,0.01918,0.01524,0.0137,,,
6/3/2018,30.14,67.99,252.62,105.9,52.43,-0.00066,-0.00484,0.01435,0.00094,0.01906,,,
7/3/2018,30.2,67.87,251.13,105.5,52.73,0.00199,-0.00177,-0.00592,-0.00378,0.00571,,,
8/3/2018,30.22,68.04,252.07,105.51,52.8,0.00066,0.0025,0.00374,0.00009,0.00133,,,
9/3/2018,30.71,69.88,256.26,108.54,54.39,0.01608,0.02668,0.01649,0.02831,0.02967,,,
12/3/2018,30.82,69.79,258.73,108.19,54.61,0.00358,-0.00129,0.00959,-0.00323,0.00404,,,
13-03-2018,30.37,68.77,254.14,106.9,53.79,-0.01471,-0.01472,-0.0179,-0.012,-0.01513,,,
14-03-2018,30.16,67.45,250.26,105.7,52.83,-0.00694,-0.01938,-0.01538,-0.01129,-0.01801,,,
15-03-2018,30.13,67.33,252.32,105.97,53.04,-0.001,-0.00178,0.0082,0.00255,0.00397,,,
16-03-2018,30.19,67.45,253.26,106.15,53.31,0.00199,0.00178,0.00372,0.0017,0.00508,,,
19-03-2018,30.01,66.75,248.46,105.32,52.79,-0.00598,-0.01043,-0.01913,-0.00785,-0.0098,,,
20-03-2018,30.01,66.95,249.08,105.42,53.27,0,0.00299,0.00249,0.00095,0.00905,,,
21-03-2018,29.91,67.31,247.82,105.51,52.94,-0.00334,0.00536,-0.00507,0.00085,-0.00621,,,
22-03-2018,28.67,64.55,239.06,101.1,50.65,-0.04234,-0.04187,-0.03599,-0.0427,-0.04422,,,
23-03-2018,27.38,62.34,232.12,98.4,48.27,-0.04604,-0.03484,-0.02946,-0.02707,-0.04813,,,
26-03-2018,28.57,64.06,241.22,101.44,50.34,0.04254,0.02722,0.03845,0.03043,0.04199,,,
27-03-2018,27.71,62.69,234.01,99.47,49.27,-0.03056,-0.02162,-0.03035,-0.01961,-0.02148,,,
28-03-2018,27.58,62.67,236.01,99.31,49.05,-0.0047,-0.00032,0.00851,-0.00161,-0.00448,,,
29-03-2018,28.15,61.97,238.36,101.12,50.02,0.02046,-0.01123,0.00991,0.01806,0.01958,,,
2/4/2018,27.51,62.16,234.09,99.17,48.87,-0.023,0.00306,-0.01808,-0.01947,-0.02326,,,
3/4/2018,27.77,62.87,237.15,100.53,49.29,0.00941,0.01136,0.01299,0.01362,0.00856,,,
4/4/2018,28.04,63.63,239.08,102.06,49.75,0.00968,0.01202,0.00811,0.0151,0.00929,,,
5/4/2018,28.46,64.47,242.1,103.4,50.85,0.01487,0.01311,0.01255,0.01304,0.02187,,,
6/4/2018,27.81,62.98,236.57,100.82,49.17,-0.0231,-0.02338,-0.02311,-0.02527,-0.0336,,,
9/4/2018,28.03,63.75,238.67,102.03,49.45,0.00788,0.01215,0.00884,0.01193,0.00568,,,
10/4/2018,28.61,64.73,242.82,103.98,50.19,0.02048,0.01526,0.01724,0.01893,0.01485,,,
11/4/2018,28.06,64.17,239.38,102.24,48.89,-0.01941,-0.00869,-0.01427,-0.01688,-0.02624,,,
12/4/2018,28.77,66.22,245.68,104.78,49.92,0.02499,0.03145,0.02598,0.02454,0.02085,,,
13-04-2018,27.97,65.19,242.2,101.94,49.11,-0.0282,-0.01568,-0.01427,-0.02748,-0.01636,,,
16-04-2018,28.09,64.33,244.06,101.86,49.5,0.00428,-0.01328,0.00765,-0.00079,0.00791,,,
17-04-2018,28.19,64.03,240.04,101.86,49.35,0.00355,-0.00467,-0.01661,0,-0.00303,,,
18-04-2018,27.71,63.33,240.39,101.03,49.37,-0.01717,-0.01099,0.00146,-0.00818,0.00041,,,
19-04-2018,28.33,64.52,240.55,103.25,50.71,0.02213,0.01862,0.00067,0.02174,0.02678,,,
20-04-2018,28.4,64.27,238.46,103.02,50.48,0.00247,-0.00388,-0.00873,-0.00223,-0.00455,,,
23-04-2018,28.46,63.79,233.45,102.52,49.72,0.00211,-0.0075,-0.02123,-0.00487,-0.01517,,,
24-04-2018,28.33,63.46,229.49,102.04,49.2,-0.00458,-0.00519,-0.01711,-0.00469,-0.01051,,,
25-04-2018,28.29,63.68,226.41,101.65,48.24,-0.00141,0.00346,-0.01351,-0.00383,-0.01971,,,
26-04-2018,28.22,63.51,227.22,101.76,48.39,-0.00248,-0.00267,0.00357,0.00108,0.0031,,,
27-04-2018,28.3,63.34,226.95,101.11,48.31,0.00283,-0.00268,-0.00119,-0.00641,-0.00165,,,
30-04-2018,28.08,62.68,225.56,100.54,48.08,-0.0078,-0.01047,-0.00614,-0.00565,-0.00477,,,
1/5/2018,28.11,62.66,223.99,100.54,48.26,0.00107,-0.00032,-0.00698,0,0.00374,,,
2/5/2018,27.76,62.42,221.51,99.74,48.16,-0.01253,-0.00384,-0.01113,-0.00799,-0.00207,,,
3/5/2018,27.41,62.38,220.9,99.11,47.58,-0.01269,-0.00064,-0.00276,-0.00634,-0.01212,,,
4/5/2018,27.5,62.67,222.35,100.21,47.88,0.00328,0.00464,0.00654,0.01104,0.00629,,,
7/5/2018,27.82,63.19,224.49,101.08,48.8,0.01157,0.00826,0.00958,0.00864,0.01903,,,
8/5/2018,28.09,65.49,224.3,102.58,49.72,0.00966,0.03575,-0.00085,0.01473,0.01868,,,
9/5/2018,28.83,66.37,228.77,104.81,50.43,0.026,0.01335,0.01973,0.02151,0.01418,,,
10/5/2018,28.99,66.94,230.39,105.63,51.27,0.00553,0.00855,0.00706,0.00779,0.01652,,,
11/5/2018,29.02,67.21,229.9,105.23,51.42,0.00103,0.00403,-0.00213,-0.00379,0.00292,,,
14-05-2018,29.21,66.99,230.84,105.27,51.43,0.00653,-0.00328,0.00408,0.00038,0.00019,,,
15-05-2018,29.3,67.04,228.61,104.46,51.09,0.00308,0.00075,-0.00971,-0.00772,-0.00663,,,
16-05-2018,29.15,66.37,228.05,104.75,51.2,-0.00513,-0.01004,-0.00245,0.00277,0.00215,,,
17-05-2018,28.92,66.01,226.29,104.4,51.11,-0.00792,-0.00544,-0.00775,-0.00335,-0.00176,,,
18-05-2018,28.4,64.53,224.3,102.71,50.22,-0.01814,-0.02268,-0.00883,-0.01632,-0.01757,,,
21-05-2018,28.67,64.97,224.96,103.65,50.63,0.00946,0.0068,0.00294,0.00911,0.00813,,,
22-05-2018,28.99,65.57,225.24,104.45,51.12,0.0111,0.00919,0.00124,0.00769,0.00963,,,
23-05-2018,28.57,64.79,225.06,103.96,50.62,-0.01459,-0.01197,-0.0008,-0.0047,-0.00983,,,
24-05-2018,28.35,63.93,223.45,102.8,50.3,-0.00773,-0.01336,-0.00718,-0.01122,-0.00634,,,
25-05-2018,28.31,63.13,222.42,102.27,49.38,-0.00141,-0.01259,-0.00462,-0.00517,-0.01846,,,
29-05-2018,27.18,60.61,214.86,97.9,46.54,-0.04073,-0.04074,-0.03458,-0.04367,-0.05923,,,
30-05-2018,27.68,61.51,217.65,100.14,47.48,0.01823,0.01474,0.0129,0.02262,0.02,,,
31-05-2018,27.37,61.52,214.53,98.9,46.7,-0.01126,0.00016,-0.01444,-0.01246,-0.01656,,,
1/6/2018,27.71,62.06,216.88,100.18,47.7,0.01235,0.00874,0.01089,0.01286,0.02119,,,
4/6/2018,27.71,62.12,218.34,100.23,48.02,0,0.00097,0.00671,0.0005,0.00669,,,
5/6/2018,27.44,61.58,216.87,99.67,47.3,-0.00979,-0.00873,-0.00676,-0.0056,-0.01511,,,
6/6/2018,28.31,62.94,220.56,102,48.35,0.03121,0.02184,0.01687,0.02311,0.02196,,,
7/6/2018,28.36,63.14,221.72,102.4,48.57,0.00176,0.00317,0.00525,0.00391,0.00454,,,
8/6/2018,28.28,63.16,221.66,102.69,48.35,-0.00282,0.00032,-0.00027,0.00283,-0.00454,,,
11/6/2018,28.33,62.83,222.33,102.43,48.23,0.00177,-0.00524,0.00302,-0.00254,-0.00248,,,
12/6/2018,28.18,62.37,220.94,101.84,47.8,-0.00531,-0.00735,-0.00627,-0.00578,-0.00896,,,
13-06-2018,28.12,62.07,222.08,101.64,48.06,-0.00213,-0.00482,0.00515,-0.00197,0.00542,,,
14-06-2018,27.8,61.03,221.91,99.84,47.79,-0.01145,-0.0169,-0.00077,-0.01787,-0.00563,,,
15-06-2018,27.59,61.19,220.27,99.72,47.65,-0.00758,0.00262,-0.00742,-0.0012,-0.00293,,,
18-06-2018,27.71,61.57,219.76,99.98,47.29,0.00434,0.00619,-0.00232,0.0026,-0.00758,,,
19-06-2018,27.57,61.6,216.85,99.4,46.5,-0.00507,0.00049,-0.01333,-0.00582,-0.01685,,,
20-06-2018,27.55,62.15,216.37,99.39,46.47,-0.00073,0.00889,-0.00222,-0.0001,-0.00065,,,
21-06-2018,27.6,62.38,215.58,99.36,46.38,0.00181,0.00369,-0.00366,-0.0003,-0.00194,,,
22-06-2018,27.32,61.99,214.66,97.74,45.54,-0.0102,-0.00627,-0.00428,-0.01644,-0.01828,,,
25-06-2018,26.84,60.65,210.41,96.85,44.64,-0.01773,-0.02185,-0.02,-0.00915,-0.01996,,,
26-06-2018,26.9,61.17,210.45,96.91,44.51,0.00223,0.00854,0.00019,0.00062,-0.00292,,,
27-06-2018,26.61,60.38,209.12,95.42,43.96,-0.01084,-0.013,-0.00634,-0.01549,-0.01243,,,
28-06-2018,27.02,61.69,212.19,96.98,44.98,0.01529,0.02146,0.01457,0.01622,0.02294,,,
29-06-2018,26.57,61.73,209.49,96.3,44.15,-0.01679,0.00065,-0.01281,-0.00704,-0.01863,,,
2/7/2018,26.65,61.95,212.04,97.12,44.45,0.00301,0.00356,0.0121,0.00848,0.00677,,,
3/7/2018,26.18,60.94,209.31,95.76,43.8,-0.01779,-0.01644,-0.01296,-0.0141,-0.01473,,,
5/7/2018,26.31,61.4,209.65,96.38,43.5,0.00495,0.00752,0.00162,0.00645,-0.00687,,,
6/7/2018,26.41,61.93,210.65,96.7,43.86,0.00379,0.00859,0.00476,0.00331,0.00824,,,
9/7/2018,27.38,63.59,216.53,99.69,45.09,0.03607,0.02645,0.02753,0.03045,0.02766,,,
10/7/2018,27.17,62.94,215.45,99.08,44.8,-0.0077,-0.01027,-0.005,-0.00614,-0.00645,,,
11/7/2018,27.03,62.64,214.32,98.86,44.48,-0.00517,-0.00478,-0.00526,-0.00222,-0.00717,,,
12/7/2018,27.11,63.2,215.8,99.29,44.73,0.00296,0.0089,0.00688,0.00434,0.0056,,,
13-07-2018,26.9,61.8,215.03,98.83,44.78,-0.00778,-0.0224,-0.00357,-0.00464,0.00112,,,
16-07-2018,28.06,64.07,219.81,102.75,45.55,0.04222,0.03607,0.02199,0.0389,0.01705,,,
17-07-2018,28.28,63.97,219.41,102.68,45.81,0.00781,-0.00156,-0.00182,-0.00068,0.00569,,,
18-07-2018,28.39,64.43,219.62,103.64,47.09,0.00388,0.00717,0.00096,0.00931,0.02756,,,
19-07-2018,27.96,63.64,218.09,102.11,46.43,-0.01526,-0.01234,-0.00699,-0.01487,-0.01411,,,
20-07-2018,28.39,63.85,220.05,103.41,46.82,0.01526,0.00329,0.00895,0.01265,0.00836,,,
23-07-2018,28.98,64.76,222.01,105.33,47.26,0.02057,0.01415,0.00887,0.0184,0.00935,,,
24-07-2018,29.05,65.56,224.03,106.07,47.49,0.00241,0.01228,0.00906,0.007,0.00485,,,
25-07-2018,29.28,66.16,224.8,107.03,47.54,0.00789,0.00911,0.00343,0.00901,0.00105,,,
26-07-2018,29.16,65.81,225.2,106.72,47.49,-0.00411,-0.0053,0.00178,-0.0029,-0.00105,,,
27-07-2018,29.27,66.13,225.7,107.82,47.55,0.00377,0.00485,0.00222,0.01025,0.00126,,,
30-07-2018,29.51,66.68,226.94,108.47,47.69,0.00817,0.00828,0.00548,0.00601,0.00294,,,
31-07-2018,29.1,66.31,225.5,106.82,47.37,-0.01399,-0.00556,-0.00637,-0.01533,-0.00673,,,
1/8/2018,29.45,66.35,224.18,107.48,47.02,0.01196,0.0006,-0.00587,0.00616,-0.00742,,,
2/8/2018,29.48,66.27,222.23,107.93,46.67,0.00102,-0.00121,-0.00874,0.00418,-0.00747,,,
3/8/2018,29.69,67.2,222.33,108.8,46.76,0.0071,0.01394,0.00045,0.00803,0.00193,,,
6/8/2018,29.7,67.21,224.08,108.83,46.84,0.00034,0.00015,0.00784,0.00028,0.00171,,,
7/8/2018,29.69,67.21,225.88,109.23,46.97,-0.00034,0,0.008,0.00367,0.00277,,,
8/8/2018,29.97,67.66,224.49,109.45,46.96,0.00939,0.00667,-0.00617,0.00201,-0.00021,,,
9/8/2018,29.78,66.82,222.03,108.61,46.32,-0.00636,-0.01249,-0.01102,-0.0077,-0.01372,,,
10/8/2018,29.39,65.22,218.07,107.54,45.34,-0.01318,-0.02424,-0.018,-0.0099,-0.02138,,,
13-08-2018,28.72,64.2,215.46,105.83,44.36,-0.02306,-0.01576,-0.01204,-0.01603,-0.02185,,,
14-08-2018,29.02,64.99,218.03,106.54,44.84,0.01039,0.01223,0.01186,0.00669,0.01076,,,
15-08-2018,28.61,63.72,217.73,105.65,44.46,-0.01423,-0.01973,-0.00138,-0.00839,-0.00851,,,
16-08-2018,28.95,64.57,221.29,106.65,45.26,0.01181,0.01325,0.01622,0.00942,0.01783,,,
17-08-2018,28.97,64.67,221.65,106.65,45.32,0.00069,0.00155,0.00163,0,0.00132,,,
20-08-2018,29.09,65.47,223.93,106.51,45.25,0.00413,0.01229,0.01023,-0.00131,-0.00155,,,
21-08-2018,29.23,66.13,226.66,107.16,45.48,0.0048,0.01003,0.01212,0.00608,0.00507,,,
22-08-2018,29.19,66.02,227.31,106.83,45.54,-0.00137,-0.00166,0.00286,-0.00308,0.00132,,,
23-08-2018,29.06,65.73,224.46,106.61,45.1,-0.00446,-0.0044,-0.01262,-0.00206,-0.00971,,,
24-08-2018,29.11,65.6,223.3,106.56,45.11,0.00172,-0.00198,-0.00518,-0.00047,0.00022,,,
27-08-2018,29.51,67.2,230.41,108.45,46.74,0.01365,0.0241,0.03134,0.01758,0.0355,,,
28-08-2018,29.47,67.19,230.19,107.92,46.85,-0.00136,-0.00015,-0.00096,-0.0049,0.00235,,,
29-08-2018,29.35,67.33,230.03,107.57,46.8,-0.00408,0.00208,-0.0007,-0.00325,-0.00107,,,
30-08-2018,29.22,66.33,228.12,107.04,46.19,-0.00444,-0.01496,-0.00834,-0.00494,-0.01312,,,
31-08-2018,29.15,66.13,226.61,106.47,45.75,-0.0024,-0.00302,-0.00664,-0.00534,-0.00957,,,
4/9/2018,29.35,66.28,226.47,107,45.64,0.00684,0.00227,-0.00062,0.00497,-0.00241,,,
5/9/2018,29.38,66.06,226.37,106.48,45.65,0.00102,-0.00332,-0.00044,-0.00487,0.00022,,,
6/9/2018,29.21,65.08,223.47,106.03,44.91,-0.0058,-0.01495,-0.01289,-0.00424,-0.01634,,,
7/9/2018,29.22,64.64,222.89,106.23,45.18,0.00034,-0.00678,-0.0026,0.00188,0.00599,,,
10/9/2018,29.18,64.63,220.99,105.66,44.92,-0.00137,-0.00015,-0.00856,-0.00538,-0.00577,,,
11/9/2018,29.21,64.45,219.37,106.33,44.84,0.00103,-0.00279,-0.00736,0.00632,-0.00178,,,
12/9/2018,28.81,65.45,217.4,105.08,44.49,-0.01379,0.0154,-0.00902,-0.01183,-0.00784,,,
13-09-2018,28.54,65.12,217.58,105.49,44.71,-0.00942,-0.00505,0.00083,0.00389,0.00493,,,
14-09-2018,28.76,65.48,218.44,105.47,45.15,0.00768,0.00551,0.00394,-0.00019,0.00979,,,
17-09-2018,28.67,65.79,217.16,105.78,44.67,-0.00313,0.00472,-0.00588,0.00293,-0.01069,,,
18-09-2018,28.61,66.24,218.11,106.21,44.83,-0.00209,0.00682,0.00437,0.00406,0.00358,,,
19-09-2018,29.35,68.43,224.48,109.3,46,0.02554,0.03253,0.02879,0.02868,0.02576,,,
20-09-2018,29.53,69.42,226.22,110.24,46.74,0.00611,0.01436,0.00772,0.00856,0.01596,,,
21-09-2018,29.38,68.83,224.26,109.51,46.3,-0.00509,-0.00854,-0.0087,-0.00664,-0.00946,,,
24-09-2018,29.11,68.54,221.93,108.46,45.5,-0.00923,-0.00422,-0.01044,-0.00963,-0.01743,,,
25-09-2018,29.04,68.24,221.55,108.15,45.24,-0.00241,-0.00439,-0.00171,-0.00286,-0.00573,,,
26-09-2018,28.53,67.25,218.1,106.88,44.69,-0.01772,-0.01461,-0.01569,-0.01181,-0.01223,,,
27-09-2018,28.35,67.72,217.01,106.42,44.76,-0.00633,0.00696,-0.00501,-0.00431,0.00157,,,
28-09-2018,27.9,66.59,213.68,104.85,43.63,-0.016,-0.01683,-0.01546,-0.01486,-0.02557,,,
1/10/2018,28.08,66.77,214.72,105.47,43.69,0.00643,0.0027,0.00486,0.0059,0.00137,,,
2/10/2018,28.01,66.65,215.42,105.9,43.69,-0.0025,-0.0018,0.00325,0.00407,0,,,
3/10/2018,28.41,67.17,217.05,106.9,44.14,0.01418,0.00777,0.00754,0.0094,0.01025,,,
4/10/2018,28.81,67.41,216.77,107.86,44.29,0.01398,0.00357,-0.00129,0.00894,0.00339,,,
5/10/2018,28.63,67.22,215.08,107.25,43.8,-0.00627,-0.00282,-0.00783,-0.00567,-0.01113,,,
8/10/2018,28.66,67.38,214.74,107.91,44.06,0.00105,0.00238,-0.00158,0.00613,0.00592,,,
9/10/2018,28.39,66.73,212.41,107.16,43.25,-0.00947,-0.00969,-0.01091,-0.00697,-0.01856,,,
10/10/2018,27.69,64.93,204.77,104.31,41.81,-0.02497,-0.02734,-0.03663,-0.02696,-0.03386,,,
11/10/2018,26.85,63.47,202.94,101.18,40.75,-0.03081,-0.02274,-0.00898,-0.03047,-0.02568,,,
12/10/2018,26.95,64.83,203.8,100.08,40.69,0.00372,0.0212,0.00423,-0.01093,-0.00147,,,
15-10-2018,26.44,64.24,205.08,99.51,40.73,-0.01911,-0.00914,0.00626,-0.00571,0.00098,,,
16-10-2018,27.02,64.71,211.26,101.64,43.04,0.0217,0.00729,0.02969,0.02118,0.05516,,,
17-10-2018,27.37,64.83,217.53,102.77,44.22,0.01287,0.00185,0.02925,0.01106,0.02705,,,
18-10-2018,26.75,63.7,214.35,101.14,43.13,-0.02291,-0.01758,-0.01473,-0.01599,-0.02496,,,
19-10-2018,26.82,63.92,216.27,100.98,43.49,0.00261,0.00345,0.00892,-0.00158,0.00831,,,
22-10-2018,25.93,61.81,211.16,99.53,42.27,-0.03375,-0.03357,-0.02391,-0.01446,-0.02845,,,
23-10-2018,25.59,61.01,208.27,98.49,41.71,-0.0132,-0.01303,-0.01378,-0.0105,-0.01334,,,
24-10-2018,24.8,59.22,199.33,96.65,40.75,-0.03136,-0.02978,-0.04387,-0.01886,-0.02329,,,
25-10-2018,25.18,60.31,203.93,98.12,41.74,0.01521,0.01824,0.02282,0.0151,0.024,,,
26-10-2018,24.99,59.6,202.36,96.77,41.2,-0.00757,-0.01184,-0.00773,-0.01385,-0.01302,,,
29-10-2018,25.2,59.73,204.39,98.11,41.18,0.00837,0.00218,0.00998,0.01375,-0.00049,,,
30-10-2018,25.36,59.9,208.95,99.84,41.98,0.00633,0.00284,0.02207,0.01748,0.01924,,,
31-10-2018,26.04,60.76,214.75,102.01,43.08,0.02646,0.01426,0.02738,0.0215,0.02587,,,
1/11/2018,26.33,61.11,216.28,101.98,43.29,0.01108,0.00574,0.0071,-0.00029,0.00486,,,
2/11/2018,26.41,61.61,218.87,101.42,43.35,0.00303,0.00815,0.0119,-0.00551,0.00139,,,
5/11/2018,26.57,62.9,217.95,102.08,43.23,0.00604,0.02072,-0.00421,0.00649,-0.00277,,,
6/11/2018,26.71,62.32,217.45,102.56,43.13,0.00526,-0.00926,-0.0023,0.00469,-0.00232,,,
7/11/2018,27.03,63.8,220.39,104.32,43.97,0.01191,0.02347,0.01343,0.01702,0.01929,,,
8/11/2018,27.34,63.35,220.74,105.16,43.8,0.0114,-0.00708,0.00159,0.00802,-0.00387,,,
9/11/2018,27.01,61.46,212.16,104.14,43.14,-0.01214,-0.03029,-0.03964,-0.00975,-0.01518,,,
12/11/2018,26.28,60.01,196.34,101.95,41.63,-0.0274,-0.02388,-0.07749,-0.02125,-0.03563,,,
13-11-2018,26.29,60.55,195.39,102.55,42.15,0.00038,0.00896,-0.00485,0.00587,0.01241,,,
14-11-2018,25.77,59.35,192.95,100.43,41.37,-0.01998,-0.02002,-0.01257,-0.02089,-0.01868,,,
15-11-2018,26.42,60.38,194.14,103,41.79,0.02491,0.01721,0.00615,0.02527,0.0101,,,
16-11-2018,26.28,60.7,192.6,102.92,41.63,-0.00531,0.00529,-0.00796,-0.00078,-0.00384,,,
19-11-2018,26.28,60.4,188.88,103.71,41.9,0,-0.00495,-0.0195,0.00765,0.00646,,,
20-11-2018,25.93,58.44,182.33,101.48,40.66,-0.01341,-0.03299,-0.03529,-0.02174,-0.03004,,,
21-11-2018,25.82,58.76,183.53,100.72,41.25,-0.00425,0.00546,0.00656,-0.00752,0.01441,,,
23-11-2018,25.54,57.71,180.19,99.8,40.64,-0.0109,-0.01803,-0.01837,-0.00918,-0.0149,,,
26-11-2018,26.1,59.56,185.19,102.24,41.77,0.02169,0.03155,0.02737,0.02415,0.02743,,,
27-11-2018,26.27,59.31,184.53,102.67,41.56,0.00649,-0.00421,-0.00357,0.0042,-0.00504,,,
28-11-2018,26.92,61.29,189.01,103.81,42.75,0.02444,0.03284,0.02399,0.01104,0.02823,,,
29-11-2018,26.55,60.66,186.42,102.99,41.99,-0.01384,-0.01033,-0.0138,-0.00793,-0.01794,,,
30-11-2018,26.89,60.56,182.44,104.05,41.88,0.01272,-0.00165,-0.02158,0.01024,-0.00262,,,
3/12/2018,27.03,60.9,183.34,105.03,42.84,0.00519,0.0056,0.00492,0.00937,0.02266,,,
4/12/2018,25.56,58.19,176.34,100.34,40.68,-0.05592,-0.04552,-0.03893,-0.04568,-0.05174,,,
6/12/2018,25.02,56.13,176.13,98.43,40.2,-0.02135,-0.03604,-0.00119,-0.01922,-0.01187,,,
7/12/2018,24.21,54.54,171.9,96.65,38.98,-0.03291,-0.02874,-0.02431,-0.01825,-0.03082,,,
10/12/2018,23.58,53.34,171.1,94.85,38.41,-0.02637,-0.02225,-0.00466,-0.0188,-0.01473,,,
11/12/2018,23.41,52.55,169.15,93.92,38.32,-0.00724,-0.01492,-0.01146,-0.00985,-0.00235,,,
12/12/2018,23.35,52.32,169.06,94.53,38.5,-0.00257,-0.00439,-0.00053,0.00647,0.00469,,,
13-12-2018,23.23,52.12,168.31,94.62,38.3,-0.00515,-0.00383,-0.00445,0.00095,-0.00521,,,
14-12-2018,23.31,51.42,165.3,93.85,37.4,0.00344,-0.01352,-0.01805,-0.00817,-0.02378,,,
17-12-2018,23.3,50.7,160.74,92.65,37.36,-0.00043,-0.0141,-0.02797,-0.01287,-0.00107,,,
18-12-2018,23.3,50.41,164.08,92.21,37.63,0,-0.00574,0.02057,-0.00476,0.0072,,,
19-12-2018,23.02,49.37,161.93,91.04,37.08,-0.01209,-0.02085,-0.01319,-0.01277,-0.01472,,,
20-12-2018,22.96,48.85,161.13,90.25,36.71,-0.00261,-0.01059,-0.00495,-0.00872,-0.01003,,,
21-12-2018,22.25,46.96,153.13,88.12,35.55,-0.03141,-0.03946,-0.05092,-0.02388,-0.03211,,,
24-12-2018,21.64,46.04,149.59,86.22,34.92,-0.0278,-0.01979,-0.02339,-0.0218,-0.01788,,,
26-12-2018,22.96,48.08,155.88,89.79,37.08,0.05921,0.04336,0.04119,0.04057,0.06002,,,
27-12-2018,23.21,48.39,158.26,90.8,37.42,0.01083,0.00643,0.01515,0.01119,0.00913,,,
28-12-2018,23.22,48.44,155.98,90.61,37.14,0.00043,0.00103,-0.01451,-0.00209,-0.00751,,,
31-12-2018,23.46,48.66,159.83,91.35,37.41,0.01028,0.00453,0.02438,0.00813,0.00724,,,
2/1/2019,23.77,50.03,164.59,92.93,38.11,0.01313,0.02777,0.02935,0.01715,0.01854,,,
3/1/2019,23.39,49.12,162.18,91.61,37.43,-0.01612,-0.01836,-0.01475,-0.01431,-0.018,,,
4/1/2019,24.36,51.53,167.48,94.99,38.96,0.04063,0.0479,0.03216,0.03623,0.04006,,,
7/1/2019,24.34,51.98,168.41,95.05,39.35,-0.00082,0.00869,0.00554,0.00063,0.00996,,,
8/1/2019,24.29,51.84,167.79,94.87,39.1,-0.00206,-0.0027,-0.00369,-0.0019,-0.00637,,,
9/1/2019,24.53,52.7,168.84,94.71,39.38,0.00983,0.01645,0.00624,-0.00169,0.00714,,,
10/1/2019,24.5,52.75,168.39,94.7,39.3,-0.00122,0.00095,-0.00267,-0.00011,-0.00203,,,
11/1/2019,24.79,52.98,169.28,94.25,39.38,0.01177,0.00435,0.00527,-0.00476,0.00203,,,
14-01-2019,25.11,55.08,170.99,95.22,40.08,0.01283,0.03887,0.01005,0.01024,0.01762,,,
15-01-2019,25.28,57.37,172.13,95.92,40.45,0.00675,0.04073,0.00664,0.00732,0.00919,,,
16-01-2019,27.09,58.13,188.56,96.69,41.97,0.06915,0.01316,0.09117,0.008,0.03689,,,
17-01-2019,27.6,58.39,190.48,97.09,40.12,0.01865,0.00446,0.01013,0.00413,-0.04508,,,
18-01-2019,27.9,58.99,193.78,98.66,41.22,0.01081,0.01022,0.01718,0.01604,0.02705,,,
22-01-2019,27.7,57.81,189.13,97.11,40.01,-0.00719,-0.02021,-0.02429,-0.01584,-0.02979,,,
23-01-2019,27.54,58.07,188.39,96.86,39.76,-0.00579,0.00449,-0.00392,-0.00258,-0.00627,,,
24-01-2019,27.69,58.61,189.25,96.92,39.67,0.00543,0.00926,0.00455,0.00062,-0.00227,,,
25-01-2019,28.17,59.84,192.06,97.53,40.55,0.01719,0.02077,0.01474,0.00627,0.02194,,,
28-01-2019,28.21,59.68,191.08,97.99,40.24,0.00142,-0.00268,-0.00512,0.00471,-0.00767,,,
29-01-2019,27.99,59.08,191.83,98.27,40.08,-0.00783,-0.0101,0.00392,0.00285,-0.00398,,,
30-01-2019,27.68,60.02,193.72,98.49,40.65,-0.01114,0.01579,0.0098,0.00224,0.01412,,,
31-01-2019,27.11,60.25,189.45,97.64,40.19,-0.02081,0.00382,-0.02229,-0.00867,-0.01138,,,
1/2/2019,27.02,59.93,188.04,97.99,39.73,-0.00333,-0.00533,-0.00747,0.00358,-0.01151,,,
4/2/2019,27.5,60.29,189.17,98.34,40.34,0.01761,0.00599,0.00599,0.00357,0.01524,,,
5/2/2019,27.4,60.06,189.45,97.91,40.33,-0.00364,-0.00382,0.00148,-0.00438,-0.00025,,,
6/2/2019,27.36,60.13,188.12,97.86,40.27,-0.00146,0.00116,-0.00705,-0.00051,-0.00149,,,
7/2/2019,26.89,59.12,184.72,96.58,39.41,-0.01733,-0.01694,-0.01824,-0.01317,-0.02159,,,
8/2/2019,26.94,58.36,183.38,95.62,38.77,0.00186,-0.01294,-0.00728,-0.00999,-0.01637,,,
11/2/2019,27.05,57.99,183.06,95.16,38.2,0.00407,-0.00636,-0.00175,-0.00482,-0.01481,,,
12/2/2019,27.32,58.99,186.08,96.79,39.1,0.00993,0.0171,0.01636,0.01698,0.02329,,,
13-02-2019,27.33,59.33,186.27,97.25,39.13,0.00037,0.00575,0.00102,0.00474,0.00077,,,
14-02-2019,27.03,58.75,184.2,96.62,38.69,-0.01104,-0.00982,-0.01118,-0.0065,-0.01131,,,
15-02-2019,27.72,60.49,189.92,99.57,39.89,0.02521,0.02919,0.03058,0.03008,0.03054,,,
19-02-2019,27.74,60.6,190.08,99.22,40.06,0.00072,0.00182,0.00084,-0.00352,0.00425,,,
20-02-2019,28,60.84,190.01,99.7,40.3,0.00933,0.00395,-0.00037,0.00483,0.00597,,,
21-02-2019,27.89,60.54,187.87,99.49,39.87,-0.00394,-0.00494,-0.01133,-0.00211,-0.01073,,,
22-02-2019,27.69,60.37,187.52,99.05,39.7,-0.0072,-0.00281,-0.00186,-0.00443,-0.00427,,,
25-02-2019,27.87,60.74,190.06,100.09,40.08,0.00648,0.00611,0.01345,0.01045,0.00953,,,
26-02-2019,27.89,60.35,190.3,99.32,40.29,0.00072,-0.00644,0.00126,-0.00772,0.00523,,,
27-02-2019,28.12,60.61,190.3,99.2,40.44,0.00821,0.0043,0,-0.00121,0.00372,,,
28-02-2019,27.83,60.22,188.95,98.45,39.89,-0.01037,-0.00646,-0.00712,-0.00759,-0.01369,,,
1/3/2019,28.05,60.68,190.4,98.51,40.38,0.00787,0.00761,0.00764,0.00061,0.01221,,,
4/3/2019,27.78,60,188.26,98.29,39.9,-0.00967,-0.01127,-0.0113,-0.00224,-0.01196,,,
5/3/2019,27.83,59.23,188.28,98.21,39.81,0.0018,-0.01292,0.00011,-0.00081,-0.00226,,,
6/3/2019,27.6,58.84,187.07,97.84,39.54,-0.0083,-0.00661,-0.00645,-0.00377,-0.00681,,,
7/3/2019,27.32,58.26,185.18,97.14,39.12,-0.0102,-0.00991,-0.01015,-0.00718,-0.01068,,,
8/3/2019,27.42,58.41,187.55,97.17,39.3,0.00365,0.00257,0.01272,0.00031,0.00459,,,
11/3/2019,27.7,58.65,188.25,98.44,39.76,0.01016,0.0041,0.00373,0.01299,0.01164,,,
12/3/2019,27.7,59.12,188.89,98.15,39.93,0,0.00798,0.00339,-0.00295,0.00427,,,
13-03-2019,28.03,59.91,189.48,98.48,40.29,0.01184,0.01327,0.00312,0.00336,0.00898,,,
14-03-2019,28.2,60.34,189.69,99.37,40.56,0.00605,0.00715,0.00111,0.009,0.00668,,,
15-03-2019,28.04,61.36,190.45,100.51,41.17,-0.00569,0.01676,0.004,0.01141,0.01493,,,
18-03-2019,28.54,62.05,194.5,101.12,41.83,0.01767,0.01118,0.02104,0.00605,0.0159,,,
19-03-2019,28.38,61.77,193.2,100.75,41.76,-0.00562,-0.00452,-0.00671,-0.00367,-0.00167,,,
20-03-2019,27.41,60.52,186.67,98.6,40.88,-0.03478,-0.02044,-0.03438,-0.02157,-0.0213,,,
21-03-2019,26.97,60.15,186.92,97.04,40.98,-0.01618,-0.00613,0.00134,-0.01595,0.00244,,,
22-03-2019,25.85,57.4,181.52,94.11,39.64,-0.04241,-0.0468,-0.02931,-0.03066,-0.03325,,,
25-03-2019,25.69,56.78,181.09,93.32,39.19,-0.00621,-0.01086,-0.00237,-0.00843,-0.01142,,,
26-03-2019,26.04,57.62,183.18,94.26,39.79,0.01353,0.01469,0.01148,0.01002,0.01519,,,
27-03-2019,25.87,57.16,182.55,93.94,39.31,-0.00655,-0.00802,-0.00345,-0.0034,-0.01214,,,
28-03-2019,26.16,58.34,183.65,95,39.84,0.01115,0.02043,0.00601,0.01122,0.01339,,,
29-03-2019,26.41,58.56,184.43,95.49,40.09,0.00951,0.00376,0.00424,0.00514,0.00626,,,
1/4/2019,27.32,60.58,188.99,98.71,41.36,0.03388,0.03391,0.02442,0.03316,0.03119,,,
2/4/2019,27.63,60.63,189.72,99.18,41.52,0.01128,0.00083,0.00386,0.00475,0.00386,,,
3/4/2019,27.6,61.24,192.95,99.38,42.17,-0.00109,0.01001,0.01688,0.00201,0.01553,,,
4/4/2019,27.9,61.95,194.27,100.34,42.69,0.01081,0.01153,0.00682,0.00961,0.01226,,,
5/4/2019,27.83,61.7,194.41,100.1,42.66,-0.00251,-0.00404,0.00072,-0.00239,-0.0007,,,
8/4/2019,27.92,62.19,194.56,100.43,42.74,0.00323,0.00791,0.00077,0.00329,0.00187,,,
9/4/2019,27.65,61.37,192.72,99.69,42.05,-0.00972,-0.01327,-0.0095,-0.0074,-0.01628,,,
10/4/2019,27.82,61.67,194.99,100.13,42.23,0.00613,0.00488,0.01171,0.0044,0.00427,,,
11/4/2019,27.82,62.04,194.84,100.98,42.56,0,0.00598,-0.00077,0.00845,0.00778,,,
12/4/2019,28.88,63.46,199.66,105.71,44.36,0.03739,0.02263,0.02444,0.04578,0.04142,,,
15-04-2019,28.56,63.42,192.04,104.5,43.78,-0.01114,-0.00063,-0.03891,-0.01151,-0.01316,,,
16-04-2019,28.6,65.24,193.89,105.61,44.67,0.0014,0.02829,0.00959,0.01057,0.02013,,,
17-04-2019,28.74,66.21,199.71,108.65,45.85,0.00488,0.01476,0.02958,0.02838,0.02607,,,
18-04-2019,28.74,65.57,197.8,107.85,45.18,0,-0.00971,-0.00961,-0.00739,-0.01472,,,
22-04-2019,28.76,65.03,196.54,107.98,44.93,0.0007,-0.00827,-0.00639,0.0012,-0.00555,,,
23-04-2019,28.78,65.13,196.1,108.12,44.99,0.0007,0.00154,-0.00224,0.0013,0.00133,,,
24-04-2019,28.73,64.78,192.64,107.94,45.02,-0.00174,-0.00539,-0.0178,-0.00167,0.00067,,,
25-04-2019,28.79,64.69,193.47,107.99,44.93,0.00209,-0.00139,0.0043,0.00046,-0.002,,,
26-04-2019,29.05,65.42,195.08,108.81,45.5,0.00899,0.01122,0.00829,0.00756,0.01261,,,
29-04-2019,29.45,66.85,198.77,110.38,46.33,0.01368,0.02162,0.01874,0.01433,0.01808,,,
30-04-2019,29.27,66.54,197.81,110.31,46.13,-0.00613,-0.00465,-0.00484,-0.00063,-0.00433,,,
1/5/2019,28.96,65.85,196.67,109.47,45.48,-0.01065,-0.01042,-0.00578,-0.00764,-0.01419,,,
2/5/2019,29.19,66.22,196.92,109.7,45.71,0.00791,0.0056,0.00127,0.0021,0.00504,,,
3/5/2019,29.39,66.94,199.35,110.38,45.95,0.00683,0.01081,0.01226,0.00618,0.00524,,,
6/5/2019,29.16,66.7,198.3,109.4,45.62,-0.00786,-0.00359,-0.00528,-0.00892,-0.00721,,,
7/5/2019,28.64,64.57,194.65,107.61,44.66,-0.01799,-0.03246,-0.01858,-0.0165,-0.02127,,,
8/5/2019,28.52,64.62,193.04,107.04,44.49,-0.0042,0.00077,-0.00831,-0.00531,-0.00381,,,
9/5/2019,28.43,64.06,193.69,106.96,44.41,-0.00316,-0.0087,0.00336,-0.00075,-0.0018,,,
10/5/2019,28.31,64.32,194.09,106.95,44.31,-0.00423,0.00405,0.00206,-0.00009,-0.00225,,,
13-05-2019,27.04,60.99,187.29,104.04,42.24,-0.0459,-0.05316,-0.03566,-0.02759,-0.04784,,,
14-05-2019,27.39,61.82,188.55,104.87,42.08,0.01286,0.01352,0.00671,0.00795,-0.0038,,,
15-05-2019,27.08,61.45,188.67,104.47,41.97,-0.01138,-0.006,0.00064,-0.00382,-0.00262,,,
16-05-2019,27.36,62.5,191.3,105.81,42.34,0.01029,0.01694,0.01384,0.01275,0.00878,,,
17-05-2019,27.18,61.64,189.66,105.29,41.95,-0.0066,-0.01386,-0.00861,-0.00493,-0.00925,,,
20-05-2019,27.18,61.53,189.47,105.84,41.94,0,-0.00179,-0.001,0.00521,-0.00024,,,
21-05-2019,27.46,62.6,191.27,106.21,42.44,0.01025,0.01724,0.00946,0.00349,0.01185,,,
22-05-2019,27.27,61.25,187.82,105.34,41.58,-0.00694,-0.0218,-0.0182,-0.00823,-0.02047,,,
23-05-2019,26.57,60.53,184.41,103.27,40.83,-0.026,-0.01182,-0.01832,-0.01985,-0.0182,,,
24-05-2019,26.97,60.99,185.4,104.29,41.07,0.01494,0.00757,0.00535,0.00983,0.00586,,,
28-05-2019,26.7,60.43,181.98,103.15,40.32,-0.01006,-0.00922,-0.01862,-0.01099,-0.01843,,,
29-05-2019,26.56,60.35,181.46,102.87,40.34,-0.00526,-0.00132,-0.00286,-0.00272,0.0005,,,
30-05-2019,25.99,60.26,180.8,101.77,39.99,-0.02169,-0.00149,-0.00364,-0.01075,-0.00871,,,
31-05-2019,25.46,58.87,176.09,100.72,38.9,-0.0206,-0.02334,-0.0264,-0.01037,-0.02764,,,
3/6/2019,25.53,59.31,176.77,101.2,38.94,0.00275,0.00745,0.00385,0.00475,0.00103,,,
4/6/2019,26.72,62.41,183.22,104.31,40.61,0.04556,0.05095,0.03584,0.03027,0.04199,,,
5/6/2019,26.71,62.31,181.84,104.69,40.57,-0.00037,-0.0016,-0.00756,0.00364,-0.00099,,,
6/6/2019,26.83,62.96,183.16,104.91,40.93,0.00448,0.01038,0.00723,0.0021,0.00883,,,
7/6/2019,26.49,62.23,183.16,103.76,40.83,-0.01275,-0.01166,0,-0.01102,-0.00245,,,
10/6/2019,27.01,63.58,187.32,104.88,41.39,0.01944,0.02146,0.02246,0.01074,0.01362,,,
11/6/2019,27.17,64.3,187.9,105.21,41.75,0.00591,0.01126,0.00309,0.00314,0.00866,,,
12/6/2019,26.89,63.29,183.55,103.87,40.75,-0.01036,-0.01583,-0.02342,-0.01282,-0.02424,,,
13-06-2019,26.89,63.54,184.74,104.12,41.06,0,0.00394,0.00646,0.0024,0.00758,,,
14-06-2019,26.98,63.92,184.94,104.39,40.94,0.00334,0.00596,0.00108,0.00259,-0.00293,,,
17-06-2019,26.88,63.03,184.14,103.82,40.64,-0.00371,-0.01402,-0.00434,-0.00548,-0.00735,,,
18-06-2019,27.54,64.4,188.15,105.24,41.44,0.02426,0.0215,0.02154,0.01358,0.01949,,,
19-06-2019,27.25,64.03,188.78,104.48,41.25,-0.01059,-0.00576,0.00334,-0.00725,-0.0046,,,
20-06-2019,27.2,64.51,188.84,104.74,41.55,-0.00184,0.00747,0.00032,0.00249,0.00725,,,
21-06-2019,27.06,64.39,189.07,104.03,41.67,-0.00516,-0.00186,0.00122,-0.0068,0.00288,,,
24-06-2019,26.92,63.86,190.57,103.29,41.18,-0.00519,-0.00827,0.0079,-0.00714,-0.01183,,,
25-06-2019,26.71,63.03,189.19,102.43,40.79,-0.00783,-0.01308,-0.00727,-0.00836,-0.00952,,,
26-06-2019,26.86,63.68,190.1,103.12,41.1,0.0056,0.01026,0.0048,0.00671,0.00757,,,
27-06-2019,27.15,64.56,192.33,103.46,41.58,0.01074,0.01372,0.01166,0.00329,0.01161,,,
28-06-2019,27.91,66.34,197.43,106.27,41.89,0.02761,0.0272,0.02617,0.0268,0.00743,,,
1/7/2019,28.31,67.01,199.61,108.06,42.02,0.01423,0.01005,0.01098,0.0167,0.0031,,,
2/7/2019,28.05,66.73,198.76,108.17,41.91,-0.00923,-0.00419,-0.00427,0.00102,-0.00262,,,
3/7/2019,27.95,67.11,198.82,108,42.06,-0.00357,0.00568,0.0003,-0.00157,0.00357,,,
5/7/2019,28.16,67.64,200.61,108.64,42.27,0.00749,0.00787,0.00896,0.00591,0.00498,,,
8/7/2019,28.1,67.38,198.54,108.05,41.58,-0.00213,-0.00385,-0.01037,-0.00545,-0.01646,,,
9/7/2019,28.24,67.79,200.49,108.51,41.86,0.00497,0.00607,0.00977,0.00425,0.00671,,,
10/7/2019,27.92,67.38,198.75,108.19,41.41,-0.0114,-0.00607,-0.00872,-0.00295,-0.01081,,,
11/7/2019,28.25,67.83,203.94,109.23,42.24,0.01175,0.00666,0.02578,0.00957,0.01985,,,
12/7/2019,28.34,67.99,206.44,110.38,42.9,0.00318,0.00236,0.01218,0.01047,0.0155,,,
15-07-2019,28.12,67.93,204.16,109.04,42.48,-0.00779,-0.00088,-0.01111,-0.01221,-0.00984,,,
16-07-2019,27.9,67.56,207.97,110.2,42.48,-0.00785,-0.00546,0.01849,0.01058,0,,,
17-07-2019,28.09,67.09,205.82,109.12,41.85,0.00679,-0.00698,-0.01039,-0.00985,-0.01494,,,
18-07-2019,28.37,68,207,109.77,42.48,0.00992,0.01347,0.00572,0.00594,0.01494,,,
19-07-2019,28.29,67.18,206.04,108.69,42.44,-0.00282,-0.01213,-0.00465,-0.00989,-0.00094,,,
22-07-2019,28.45,67.36,206.5,109.39,42.55,0.00564,0.00268,0.00223,0.00642,0.00259,,,
23-07-2019,29.11,68.19,211.74,111.39,43.12,0.02293,0.01225,0.02506,0.01812,0.01331,,,
24-07-2019,29.51,69.16,214.25,111.84,43.5,0.01365,0.01412,0.01178,0.00403,0.00877,,,
25-07-2019,29.19,67.63,212.27,110.77,42.9,-0.0109,-0.02237,-0.00928,-0.00961,-0.01389,,,
26-07-2019,29.61,68.35,214.35,111.26,43.73,0.01429,0.01059,0.00975,0.00441,0.01916,,,
29-07-2019,29.37,67.98,212.6,110.9,43.24,-0.00814,-0.00543,-0.0082,-0.00324,-0.01127,,,
30-07-2019,29.72,67.93,213.64,110.65,43.04,0.01185,-0.00074,0.00488,-0.00226,-0.00464,,,
31-07-2019,29.52,67.41,212.41,111.05,42.94,-0.00675,-0.00768,-0.00577,0.00361,-0.00233,,,
1/8/2019,28.38,64.75,204.18,108.12,41.37,-0.03938,-0.04026,-0.03952,-0.02674,-0.03725,,,
2/8/2019,28.27,64.53,202.03,108.11,40.58,-0.00388,-0.0034,-0.01059,-0.00009,-0.01928,,,
5/8/2019,27.02,62.21,194.61,104.89,39.01,-0.04522,-0.03661,-0.03742,-0.03024,-0.03946,,,
6/8/2019,27.35,63.23,198.79,105.71,39.72,0.01214,0.01626,0.02125,0.00779,0.01804,,,
7/8/2019,26.84,62.17,198.53,103.42,39.08,-0.01882,-0.01691,-0.00131,-0.0219,-0.01624,,,
8/8/2019,27.31,63.7,199.74,105.17,39.77,0.01736,0.02431,0.00608,0.01678,0.0175,,,
9/8/2019,27.26,63.04,199.65,105.05,39.99,-0.00183,-0.01042,-0.00045,-0.00114,0.00552,,,
12/8/2019,26.6,61.31,194.46,103.08,38.89,-0.02451,-0.02783,-0.02634,-0.01893,-0.02789,,,
13-08-2019,26.67,61.87,196.96,104.67,39.21,0.00263,0.00909,0.01277,0.01531,0.00819,,,
14-08-2019,25.42,58.61,188.71,100.32,37.9,-0.048,-0.05413,-0.04279,-0.04245,-0.03398,,,
15-08-2019,25.26,58.52,189.3,100.71,37.67,-0.00631,-0.00154,0.00312,0.00388,-0.00609,,,
16-08-2019,26.01,60.58,192.43,103.12,38.48,0.02926,0.0346,0.0164,0.02365,0.02127,,,
19-08-2019,26.24,61.38,195.11,104.05,38.9,0.0088,0.01312,0.01383,0.00898,0.01086,,,
20-08-2019,25.71,60.53,192.97,102.73,38.45,-0.0204,-0.01394,-0.01103,-0.01277,-0.01164,,,
21-08-2019,25.91,60.37,193.65,103.01,38.48,0.00775,-0.00265,0.00352,0.00272,0.00078,,,
22-08-2019,26.16,61,195.33,104.08,38.8,0.0096,0.01038,0.00864,0.01033,0.00828,,,
23-08-2019,25.47,59.12,189.32,101.49,37.9,-0.02673,-0.0313,-0.03125,-0.0252,-0.02347,,,
26-08-2019,25.77,59.86,192.65,102.31,38.7,0.01171,0.01244,0.01744,0.00805,0.02089,,,
27-08-2019,25.47,58.85,191.13,101.22,38.34,-0.01171,-0.01702,-0.00792,-0.01071,-0.00935,,,
28-08-2019,25.84,59.52,193.4,102.24,38.91,0.01442,0.01132,0.01181,0.01003,0.01476,,,
29-08-2019,26.3,60.99,197.54,104.56,39.79,0.01765,0.0244,0.02118,0.02244,0.02236,,,
30-08-2019,26.47,61.42,198,105.17,39.98,0.00644,0.00703,0.00233,0.00582,0.00476,,,
3/9/2019,26.03,60.53,193.2,103.92,39.5,-0.01676,-0.0146,-0.02454,-0.01196,-0.01208,,,
4/9/2019,26.45,61.35,195.88,105.18,40.02,0.01601,0.01346,0.01378,0.01205,0.01308,,,
5/9/2019,27.24,63.31,201.05,107.57,40.92,0.02943,0.03145,0.02605,0.02247,0.02224,,,
6/9/2019,26.86,62.96,201.2,107.8,40.64,-0.01405,-0.00554,0.00075,0.00214,-0.00687,,,
9/9/2019,27.73,65.65,205.83,110.47,41.54,0.03188,0.04184,0.02275,0.02447,0.0219,,,
10/9/2019,28.43,65.83,209.38,111.88,41.99,0.02493,0.00274,0.0171,0.01268,0.01077,,,
11/9/2019,28.53,65.76,210.51,112.18,42.34,0.00351,-0.00106,0.00538,0.00268,0.0083,,,
12/9/2019,28.74,66.14,212.4,112.87,42.7,0.00733,0.00576,0.00894,0.00613,0.00847,,,
13-09-2019,29.22,67.18,213.52,115.09,43.51,0.01656,0.0156,0.00526,0.01948,0.01879,,,
16-09-2019,29.18,66.65,210.92,114.07,43.12,-0.00137,-0.00792,-0.01225,-0.0089,-0.009,,,
17-09-2019,29,66.31,209.65,113.51,42.6,-0.00619,-0.00511,-0.00604,-0.00492,-0.01213,,,
18-09-2019,29.06,66.89,210.79,114.64,42.74,0.00207,0.00871,0.00542,0.00991,0.00328,,,
19-09-2019,28.88,66.55,208.99,114.28,42.42,-0.00621,-0.0051,-0.00858,-0.00315,-0.00752,,,
20-09-2019,28.66,66.19,207.54,113.82,42.08,-0.00765,-0.00542,-0.00696,-0.00403,-0.00805,,,
23-09-2019,28.59,66.38,207.27,113.8,41.97,-0.00245,0.00287,-0.0013,-0.00018,-0.00262,,,
24-09-2019,28.03,64.8,201.73,112.32,40.99,-0.01978,-0.02409,-0.02709,-0.01309,-0.02363,,,
25-09-2019,28.33,66.22,203.94,112.96,41.47,0.01065,0.02168,0.0109,0.00568,0.01164,,,
26-09-2019,28.22,65.96,202.18,112.03,41.07,-0.00389,-0.00393,-0.00867,-0.00827,-0.00969,,,
27-09-2019,28.43,66.29,202.91,112.69,41.28,0.00741,0.00499,0.0036,0.00587,0.0051,,,
30-09-2019,28.25,65.93,201.22,112.66,41.11,-0.00635,-0.00545,-0.00836,-0.00027,-0.00413,,,
1/10/2019,27.55,65.04,196.81,110.61,39.87,-0.02509,-0.01359,-0.02216,-0.01836,-0.03063,,,
2/10/2019,26.97,63.24,192.5,108.41,38.76,-0.02128,-0.02807,-0.02214,-0.02009,-0.02824,,,
3/10/2019,26.94,63.66,191.52,108.26,38.78,-0.00111,0.00662,-0.0051,-0.00138,0.00052,,,
4/10/2019,27.48,65.07,194.98,110.6,39.29,0.01985,0.02191,0.0179,0.02138,0.01307,,,
7/10/2019,27.42,65.04,194.59,110.36,39.2,-0.00219,-0.00046,-0.002,-0.00217,-0.00229,,,
8/10/2019,26.76,63.37,191.65,107.9,38.37,-0.02436,-0.02601,-0.01522,-0.02254,-0.0214,,,
9/10/2019,27.01,64.35,191.14,108.68,38.97,0.0093,0.01535,-0.00266,0.0072,0.01552,,,
10/10/2019,27.56,65.49,194.08,110.21,39.55,0.02016,0.01756,0.01526,0.01398,0.01477,,,
11/10/2019,28,66.9,198.75,112.07,40.4,0.01584,0.0213,0.02378,0.01674,0.02126,,,
14-10-2019,28.22,67.04,199.85,112.37,40.71,0.00783,0.00209,0.00552,0.00267,0.00764,,,
15-10-2019,28.8,67.97,200.47,115.76,40.98,0.02034,0.01378,0.0031,0.02972,0.00661,,,
16-10-2019,29.22,66.33,201.41,115.49,41.23,0.01448,-0.02442,0.00468,-0.00234,0.00608,,,
17-10-2019,29.31,66.43,200.47,116.13,41.86,0.00308,0.00151,-0.00468,0.00553,0.01516,,,
18-10-2019,29.4,66.56,200.53,116.34,42.07,0.00307,0.00196,0.0003,0.00181,0.005,,,
21-10-2019,30.05,68.53,203.18,119.22,43.34,0.02187,0.02917,0.01313,0.02445,0.02974,,,
22-10-2019,30.22,68.77,203.52,120.42,43.73,0.00564,0.0035,0.00167,0.01002,0.00896,,,
23-10-2019,30.43,69.15,205.19,120.74,44.24,0.00693,0.00551,0.00817,0.00265,0.01159,,,
24-10-2019,30.38,69,204.93,120.65,44.09,-0.00164,-0.00217,-0.00127,-0.00075,-0.0034,,,
25-10-2019,30.72,69.83,208.02,121.61,44.68,0.01113,0.01196,0.01497,0.00793,0.01329,,,
28-10-2019,30.84,70.23,211.44,122.08,45.13,0.0039,0.00571,0.01631,0.00386,0.01002,,,
29-10-2019,31.06,69.76,211.33,122,45.12,0.00711,-0.00671,-0.00052,-0.00066,-0.00022,,,
30-10-2019,30.63,69.64,209.55,121.32,44.91,-0.01394,-0.00172,-0.00846,-0.00559,-0.00467,,,
31-10-2019,30.29,68.58,207.19,120.54,44.71,-0.01116,-0.01534,-0.01133,-0.00645,-0.00446,,,
1/11/2019,30.8,70.98,211.09,123.32,45.95,0.0167,0.0344,0.01865,0.0228,0.02736,,,
4/11/2019,31.38,72.24,213.5,124.31,47.4,0.01866,0.0176,0.01135,0.008,0.03107,,,
5/11/2019,31.79,71.93,212.3,124.58,47.33,0.01298,-0.0043,-0.00564,0.00217,-0.00148,,,
6/11/2019,31.76,71.53,212.09,124.77,47.14,-0.00094,-0.00558,-0.00099,0.00152,-0.00402,,,
7/11/2019,32.19,72.87,216.82,125.44,47.24,0.01345,0.01856,0.02206,0.00536,0.00212,,,
8/11/2019,32.22,73.17,216.45,125.81,47.72,0.00093,0.00411,-0.00171,0.00295,0.01011,,,
11/11/2019,32.14,72.67,212.68,125.37,47.66,-0.00249,-0.00686,-0.01757,-0.0035,-0.00126,,,
12/11/2019,32.05,72.16,214.02,124.63,47.58,-0.0028,-0.00704,0.00628,-0.00592,-0.00168,,,
13-11-2019,31.76,71.04,212.96,123.98,46.98,-0.00909,-0.01564,-0.00497,-0.00523,-0.01269,,,
14-11-2019,31.67,70.98,213.07,124.09,47.19,-0.00284,-0.00084,0.00052,0.00089,0.00446,,,
15-11-2019,31.9,71.51,213.86,124.99,47.56,0.00724,0.00744,0.0037,0.00723,0.00781,,,
18-11-2019,31.92,71.51,213.36,126.04,47.6,0.00063,0,-0.00234,0.00837,0.00084,,,
19-11-2019,31.91,71.92,213.66,126,47.89,-0.00031,0.00572,0.00141,-0.00032,0.00607,,,
20-11-2019,31.66,71.04,211.59,125.09,47.67,-0.00787,-0.01231,-0.00974,-0.00725,-0.0046,,,
21-11-2019,31.81,71.03,211.9,125.38,47.41,0.00473,-0.00014,0.00146,0.00232,-0.00547,,,
22-11-2019,32.14,71.97,213.89,126.21,47.81,0.01032,0.01315,0.00935,0.0066,0.0084,,,
25-11-2019,32.42,72.74,216.29,126.88,48.5,0.00867,0.01064,0.01116,0.00529,0.01433,,,
26-11-2019,32.3,72.53,216,127.06,47.97,-0.00371,-0.00289,-0.00134,0.00142,-0.01099,,,
27-11-2019,32.37,72.78,216.49,127.43,48.33,0.00216,0.00344,0.00227,0.00291,0.00748,,,
29-11-2019,32.27,72.21,216.14,127.14,48.04,-0.00309,-0.00786,-0.00162,-0.00228,-0.00602,,,
2/12/2019,32.38,71.63,212.52,126.86,47.65,0.0034,-0.00806,-0.01689,-0.0022,-0.00815,,,
3/12/2019,31.81,70.49,207.25,125.23,46.71,-0.01776,-0.01604,-0.02511,-0.01293,-0.01992,,,
4/12/2019,32.11,71.35,210.86,127.7,47.41,0.00939,0.01213,0.01727,0.01953,0.01487,,,
5/12/2019,32.23,71.81,212.03,128.4,47.64,0.00373,0.00643,0.00553,0.00547,0.00484,,,
6/12/2019,32.79,72.87,219.33,130.31,48.35,0.01723,0.01465,0.03385,0.01477,0.01479,,,
9/12/2019,32.63,72.41,216.59,129.7,48.15,-0.00489,-0.00633,-0.01257,-0.00469,-0.00415,,,
10/12/2019,32.65,72.84,216.66,129.79,48.22,0.00061,0.00592,0.00032,0.00069,0.00145,,,
11/12/2019,32.76,72.62,215.99,129.48,48.01,0.00336,-0.00302,-0.0031,-0.00239,-0.00436,,,
12/12/2019,33.77,74.06,220.73,133.18,49.21,0.03036,0.01964,0.02171,0.02818,0.02469,,,
13-12-2019,33.54,73.43,219.71,132.02,48.77,-0.00683,-0.00854,-0.00463,-0.00875,-0.00898,,,
16-12-2019,33.79,73.93,222.68,132.53,49.24,0.00743,0.00679,0.01343,0.00386,0.00959,,,
17-12-2019,34.12,74.72,225.71,133.34,49.41,0.00972,0.01063,0.01352,0.00609,0.00345,,,
18-12-2019,34.19,74.9,225.03,133.2,49.18,0.00205,0.00241,-0.00302,-0.00105,-0.00467,,,
19-12-2019,34.04,75.17,224.53,132.54,49.38,-0.0044,0.0036,-0.00222,-0.00497,0.00406,,,
20-12-2019,34.05,75.46,223.55,132.43,49.21,0.00029,0.00385,-0.00437,-0.00083,-0.00345,,,
23-12-2019,34.25,75.71,223.7,132.39,49.24,0.00586,0.00331,0.00067,-0.0003,0.00061,,,
24-12-2019,34.3,75.54,224.5,132.76,49.21,0.00146,-0.00225,0.00357,0.00279,-0.00061,,,
26-12-2019,34.59,76.73,225.77,134.17,49.62,0.00842,0.01563,0.00564,0.01056,0.0083,,,
27-12-2019,34.43,76.58,225.24,134.26,49.6,-0.00464,-0.00196,-0.00235,0.00067,-0.0004,,,
30-12-2019,34.23,76.43,224.4,133.77,49.47,-0.00583,-0.00196,-0.00374,-0.00366,-0.00262,,,
31-12-2019,34.3,76.79,224.52,134.52,49.63,0.00204,0.0047,0.00053,0.00559,0.00323,,,
2/1/2020,34.71,78.08,228.81,136.15,50.52,0.01188,0.01666,0.01893,0.01204,0.01777,,,
3/1/2020,33.99,76.61,226.13,134.35,49.71,-0.02096,-0.01901,-0.01178,-0.01331,-0.01616,,,
6/1/2020,33.94,76.37,228.45,134.24,49.53,-0.00147,-0.00314,0.01021,-0.00082,-0.00363,,,
7/1/2020,33.72,75.71,229.95,131.96,49.43,-0.0065,-0.00868,0.00654,-0.01713,-0.00202,,,
8/1/2020,34.06,76.28,232.17,132.99,50.06,0.01003,0.0075,0.00961,0.00778,0.01266,,,
9/1/2020,34.12,76.97,236.89,133.48,50.54,0.00176,0.009,0.02013,0.00368,0.00954,,,
10/1/2020,33.83,76.18,236.42,132.14,50.69,-0.00854,-0.01032,-0.00199,-0.01009,0.00296,,,
13-01-2020,34.14,77.52,239.44,133.24,51.24,0.00912,0.01744,0.01269,0.00829,0.01079,,,
14-01-2020,34.4,78.73,239.88,134.8,51.32,0.00759,0.01549,0.00184,0.01164,0.00156,,,
15-01-2020,33.76,78.09,239.44,132.78,51.39,-0.01878,-0.00816,-0.00184,-0.0151,0.00136,,,
16-01-2020,33.81,77.86,243.85,133.29,54.79,0.00148,-0.00295,0.01825,0.00383,0.06406,,,
17-01-2020,33.8,77.97,243.59,134.21,55.83,-0.0003,0.00141,-0.00107,0.00688,0.0188,,,
21-01-2020,33.37,76.8,239.92,132.89,54.29,-0.0128,-0.01512,-0.01518,-0.00988,-0.02797,,,
22-01-2020,33.46,76.99,241.24,132.74,54.23,0.00269,0.00247,0.00549,-0.00113,-0.00111,,,
23-01-2020,33.23,76.7,239.8,132.6,53.91,-0.0069,-0.00377,-0.00599,-0.00106,-0.00592,,,
24-01-2020,32.66,75.38,236.23,129.31,52.96,-0.0173,-0.01736,-0.015,-0.02512,-0.01778,,,
27-01-2020,31.99,73.73,232.54,128.22,51.56,-0.02073,-0.02213,-0.01574,-0.00847,-0.02679,,,
28-01-2020,32.37,74.24,236.87,130.55,52.44,0.01181,0.00689,0.01845,0.01801,0.01692,,,
29-01-2020,32.15,73.51,234.47,130.36,52.11,-0.00682,-0.00988,-0.01018,-0.00146,-0.00631,,,
30-01-2020,32.61,74.43,238.39,131.97,52.59,0.01421,0.01244,0.01658,0.01227,0.00917,,,
31-01-2020,31.97,72,232.16,128.54,51.07,-0.01982,-0.03319,-0.02648,-0.02633,-0.02933,,,
3/2/2020,32.11,72.69,233.39,129.52,51.4,0.00437,0.00954,0.00528,0.0076,0.00644,,,
4/2/2020,32.74,74.02,236.25,131.39,52.79,0.01943,0.01813,0.01218,0.01433,0.02668,,,
5/2/2020,33.8,76.29,238.55,133.62,53.73,0.03186,0.03021,0.00969,0.01683,0.01765,,,
6/2/2020,33.76,76.41,236.13,133.64,53.75,-0.00118,0.00157,-0.0102,0.00015,0.00037,,,
7/2/2020,33.71,76.14,232.4,133.21,53.77,-0.00148,-0.00354,-0.01592,-0.00322,0.00037,,,
10/2/2020,33.78,75.94,231.78,133.77,54.09,0.00207,-0.00263,-0.00267,0.0042,0.00593,,,
11/2/2020,33.86,76.53,230.9,134.02,54.51,0.00237,0.00774,-0.0038,0.00187,0.00773,,,
12/2/2020,34.01,76.76,233.04,134.02,54.9,0.00442,0.003,0.00923,0,0.00713,,,
13-02-2020,34,76.44,232.74,133.9,54.65,-0.00029,-0.00418,-0.00129,-0.0009,-0.00456,,,
14-02-2020,33.94,76.24,231.5,133.49,54.57,-0.00177,-0.00262,-0.00534,-0.00307,-0.00146,,,
18-02-2020,33.37,75.07,227.73,131.73,54.25,-0.01694,-0.01547,-0.01642,-0.01327,-0.00588,,,
19-02-2020,33.81,75.52,231.75,133.52,55.02,0.0131,0.00598,0.0175,0.0135,0.01409,,,
20-02-2020,33.94,75.68,227.26,133.52,52.52,0.00384,0.00212,-0.01956,0,-0.0465,,,
21-02-2020,33.46,73.96,225.2,131.89,51.22,-0.01424,-0.02299,-0.00911,-0.01228,-0.02506,,,
24-02-2020,31.88,70.18,219.26,128.35,48.55,-0.04837,-0.05246,-0.02673,-0.02721,-0.05354,,,
25-02-2020,30.27,67.18,212.49,122.62,46.93,-0.05182,-0.04369,-0.03136,-0.04567,-0.03394,,,
26-02-2020,29.83,65.97,210.71,122.99,46.16,-0.01464,-0.01818,-0.00841,0.00301,-0.01654,,,
27-02-2020,28.37,62.36,200.85,117.87,44.37,-0.05018,-0.05628,-0.04792,-0.04252,-0.03955,,,
28-02-2020,27.76,61.4,197.25,112.76,44,-0.02174,-0.01551,-0.01809,-0.04432,-0.00837,,,
2/3/2020,28.6,65.4,205.79,118.01,45.42,0.02981,0.06311,0.04238,0.04551,0.03176,,,
3/3/2020,27.03,62.94,199.86,113.59,43.39,-0.05646,-0.03834,-0.02924,-0.03817,-0.04572,,,
4/3/2020,27.65,65.21,205.08,116.39,44.21,0.02268,0.03543,0.02578,0.02435,0.01872,,,
5/3/2020,26.25,61.43,195.3,110.68,41.62,-0.05196,-0.05971,-0.04886,-0.0503,-0.06037,,,
6/3/2020,25.2,59.29,189.47,104.96,40.89,-0.04082,-0.03546,-0.03031,-0.05306,-0.0177,,,
9/3/2020,21.49,49.7,169.78,90.74,36.64,-0.15926,-0.17644,-0.10973,-0.14558,-0.10974,,,
10/3/2020,23.14,53.78,181.12,97.8,38.6,0.07398,0.0789,0.06466,0.07493,0.05211,,,
11/3/2020,22.22,49.14,168.87,93.19,36.03,-0.04057,-0.09023,-0.07003,-0.04828,-0.0689,,,
12/3/2020,20.1,41.86,148.04,85.51,30.6,-0.10027,-0.16034,-0.13165,-0.08601,-0.16335,,,
13-03-2020,23.68,49.39,174.06,100.91,36.64,0.16391,0.16542,0.16192,0.1656,0.18014,,,
16-03-2020,20.03,39.85,151.95,85.81,30.93,-0.1674,-0.21463,-0.13585,-0.16209,-0.16941,,,
17-03-2020,21.54,38.95,155.89,91.06,33.02,0.07268,-0.02284,0.0256,0.05938,0.06539,,,
18-03-2020,20.38,35.25,137.56,81.47,30.05,-0.05536,-0.09981,-0.12509,-0.11128,-0.09425,,,
19-03-2020,20.78,38.36,146.87,82.84,30.21,0.01944,0.08455,0.06549,0.01668,0.00531,,,
20-03-2020,19.28,36.83,135.98,81.09,28.99,-0.07492,-0.0407,-0.07704,-0.02135,-0.04122,,,
23-03-2020,17.72,34.24,132.6,76.75,27.18,-0.08437,-0.07292,-0.02517,-0.05501,-0.06447,,,
24-03-2020,20.61,39.34,150.9,85.88,32.46,0.15108,0.13885,0.12928,0.1124,0.17753,,,
25-03-2020,20.68,40.5,152.41,89.08,33.21,0.00339,0.02906,0.00996,0.03658,0.02284,,,
26-03-2020,22.27,44.53,162.88,95.29,34.9,0.07407,0.09486,0.06644,0.06739,0.04964,,,
27-03-2020,21.17,42.38,155.56,88.5,33.23,-0.05066,-0.04949,-0.04598,-0.07392,-0.04903,,,
30-03-2020,21.6,42.65,156.82,90.8,34.04,0.02011,0.00635,0.00807,0.02566,0.02408,,,
31-03-2020,20.81,40.75,151.88,87.43,33.22,-0.03726,-0.04557,-0.03201,-0.03782,-0.02438,,,
1/4/2020,19.38,37.26,142.74,81.93,30.9,-0.07119,-0.08954,-0.06207,-0.06497,-0.0724,,,
2/4/2020,20.16,37.96,147.3,84.99,33.13,0.03946,0.01861,0.03145,0.03667,0.06968,,,
3/4/2020,19.63,36.27,144.35,82.47,33.08,-0.02664,-0.04554,-0.02023,-0.0301,-0.00151,,,
6/4/2020,20.96,39.79,155.45,87.78,36.17,0.06556,0.09262,0.07408,0.0624,0.0893,,,
7/4/2020,21.7,39.91,163.11,88.94,36.1,0.0347,0.00301,0.0481,0.01313,-0.00194,,,
8/4/2020,22.98,42.83,173.85,92.53,38.47,0.05731,0.07061,0.06377,0.03957,0.06359,,,
9/4/2020,24.37,45.87,181.03,100.83,40.14,0.05873,0.06857,0.04047,0.0859,0.04249,,,
13-04-2020,23.44,45.17,176.04,96.35,38.68,-0.03891,-0.01538,-0.02795,-0.04545,-0.03705,,,
14-04-2020,23.26,43.95,175.1,93.71,38.95,-0.00771,-0.02738,-0.00535,-0.02778,0.00696,,,
15-04-2020,21.75,41.47,175.39,89.09,37.52,-0.06712,-0.05808,0.00165,-0.05056,-0.0374,,,
16-04-2020,20.99,39.21,173.93,85.69,37.48,-0.03557,-0.05604,-0.00836,-0.03891,-0.00107,,,
17-04-2020,22.82,43.98,180.27,93.39,38.2,0.08359,0.1148,0.0358,0.08605,0.01903,,,
20-04-2020,22.05,42.58,177.23,89.99,37.48,-0.03432,-0.03235,-0.01701,-0.03709,-0.01903,,,
21-04-2020,21.21,40.22,170.76,87.38,36.11,-0.03884,-0.05702,-0.03719,-0.02943,-0.03724,,,
22-04-2020,21.37,40.87,172.89,87.66,36.95,0.00752,0.01603,0.0124,0.0032,0.023,,,
23-04-2020,21.43,41.08,171.98,87.71,36.61,0.0028,0.00513,-0.00528,0.00057,-0.00924,,,
24-04-2020,21.74,41.7,173.89,89.01,37.1,0.01436,0.01498,0.01104,0.01471,0.0133,,,
27-04-2020,23,45.05,180.32,92.85,38.41,0.05634,0.07727,0.03631,0.04224,0.0347,,,
28-04-2020,23.41,45.68,183.73,93.5,39.21,0.01767,0.01389,0.01873,0.00698,0.02061,,,
29-04-2020,24.29,48.63,186.7,96.02,40.21,0.0369,0.06258,0.01604,0.0266,0.02518,,,
30-04-2020,23.57,46.99,180.2,93.96,38.87,-0.03009,-0.03431,-0.03544,-0.02169,-0.03389,,,
1/5/2020,22.62,44.51,173.99,91.5,37.85,-0.04114,-0.05422,-0.03507,-0.02653,-0.02659,,,
4/5/2020,22.47,44.12,172.94,90.41,37.55,-0.00665,-0.0088,-0.00605,-0.01198,-0.00796,,,
5/5/2020,22.21,42.98,175.17,90.27,37.44,-0.01164,-0.02618,0.01281,-0.00155,-0.00293,,,
6/5/2020,21.91,42,173.82,88.58,36.77,-0.0136,-0.02307,-0.00774,-0.0189,-0.01806,,,
7/5/2020,22.39,43.65,179.12,89.5,38.26,0.02167,0.03853,0.03004,0.01033,0.03972,,,
8/5/2020,23.1,45.29,182.14,90.96,39.51,0.03122,0.03688,0.01672,0.01618,0.03215,,,
11/5/2020,22.13,43.09,179.95,88.28,39.26,-0.0429,-0.0498,-0.0121,-0.02991,-0.00635,,,
12/5/2020,21.43,41.41,174.1,85.4,37.87,-0.03214,-0.03977,-0.03305,-0.03317,-0.03605,,,
13-05-2020,20.45,39.7,168.79,82.45,36.46,-0.04681,-0.04217,-0.03097,-0.03515,-0.03794,,,
14-05-2020,21.28,41.13,171.39,85.88,37.27,0.03978,0.03539,0.01529,0.04076,0.02197,,,
15-05-2020,21.01,40.99,168.85,84.29,36.76,-0.01277,-0.00341,-0.01493,-0.01869,-0.01378,,,
18-05-2020,22.47,44.66,178.69,88.75,39.71,0.06718,0.08575,0.05664,0.05156,0.07719,,,
19-05-2020,21.77,43.45,174.71,87.01,38.77,-0.03165,-0.02747,-0.02253,-0.0198,-0.02396,,,
20-05-2020,22.45,44.46,178.26,89.62,40.48,0.03076,0.02298,0.02012,0.02956,0.04316,,,
21-05-2020,22.44,44,176.94,88.48,39.73,-0.00045,-0.0104,-0.00743,-0.0128,-0.0187,,,
22-05-2020,22.21,43.12,176.77,87.79,39.56,-0.0103,-0.0202,-0.00096,-0.00783,-0.00429,,,
26-05-2020,23.8,47.1,192.62,94.02,43.07,0.06914,0.08829,0.08587,0.06856,0.08501,,,
27-05-2020,25.46,51.1,205.98,99.47,46.19,0.06742,0.08151,0.06706,0.05635,0.06994,,,
28-05-2020,24.37,48.07,197.69,97.99,43.77,-0.04376,-0.06113,-0.04108,-0.01499,-0.05381,,,
29-05-2020,23.64,46.85,194.25,95.48,43.57,-0.03041,-0.02571,-0.01755,-0.02595,-0.00458,,,
1/6/2020,24.12,48.35,197.65,96.75,44.06,0.0201,0.03152,0.01735,0.01321,0.01118,,,
2/6/2020,24.35,49.71,201.81,97.07,44.93,0.00949,0.02774,0.02083,0.0033,0.01955,,,
3/6/2020,25.47,52.16,208.17,102.31,46.24,0.04497,0.04811,0.03103,0.05258,0.02874,,,
4/6/2020,26.43,54.42,212.37,104.44,48,0.037,0.04242,0.01997,0.02061,0.03736,,,
5/6/2020,27.74,57.56,215.43,109.14,48.83,0.04838,0.0561,0.01431,0.04402,0.01714,,,
8/6/2020,28.17,59.88,218.29,111.32,49.44,0.01538,0.03951,0.01319,0.01978,0.01241,,,
9/6/2020,27.85,58.18,215.61,108.47,49.68,-0.01142,-0.0288,-0.01235,-0.02594,0.00484,,,
10/6/2020,26.25,54.62,211.08,104.07,48,-0.05917,-0.06314,-0.02123,-0.04141,-0.0344,,,
11/6/2020,23.62,47.32,191.92,95.39,43.94,-0.10557,-0.14347,-0.09516,-0.08709,-0.08838,,,
12/6/2020,24.46,51.09,199.48,98,45.62,0.03495,0.07666,0.03864,0.02699,0.03752,,,
15-06-2020,24.82,51.81,203.96,99.35,46.73,0.01461,0.01399,0.02221,0.01368,0.02404,,,
16-06-2020,25.46,53.24,207.2,100.15,47.87,0.02546,0.02723,0.01576,0.00802,0.0241,,,
17-06-2020,24.67,51.83,203.84,97.61,47.08,-0.03152,-0.02684,-0.01635,-0.02569,-0.01664,,,
18-06-2020,24.71,51.87,201.51,97.08,46.9,0.00162,0.00077,-0.0115,-0.00544,-0.00383,,,
19-06-2020,24.92,51.75,199.33,95.98,46.26,0.00846,-0.00232,-0.01088,-0.0114,-0.01374,,,
22-06-2020,24.3,50.91,201.1,94.94,46.71,-0.02519,-0.01637,0.00884,-0.01089,0.00968,,,
23-06-2020,24.47,51.78,202.44,96.09,47.21,0.00697,0.01694,0.00664,0.01204,0.01065,,,
24-06-2020,23.5,49.68,195.76,92.88,46.28,-0.04045,-0.0414,-0.03355,-0.03398,-0.0199,,,
25-06-2020,24.4,51.51,204.74,96.12,48.1,0.03758,0.03617,0.04485,0.03429,0.03857,,,
26-06-2020,22.85,48.48,187.03,90.85,46.38,-0.06563,-0.06062,-0.09047,-0.05639,-0.03641,,,
29-06-2020,23.08,49.18,191.26,91.26,46.57,0.01002,0.01434,0.02236,0.0045,0.00409,,,
30-06-2020,23.44,49.97,195.37,92.3,47.61,0.01548,0.01594,0.02126,0.01133,0.02209,,,
1/7/2020,22.96,49.24,195.32,91.51,46.93,-0.02069,-0.01472,-0.00026,-0.0086,-0.01439,,,
2/7/2020,22.99,49.43,195.15,91.81,47.11,0.00131,0.00385,-0.00087,0.00327,0.00383,,,
6/7/2020,23.35,50.82,204.99,94.13,48.13,0.01554,0.02773,0.04919,0.02496,0.02142,,,
7/7/2020,22.71,49.21,197.09,91.47,46.81,-0.02779,-0.03219,-0.0393,-0.02867,-0.02781,,,
8/7/2020,22.8,49.75,199.94,92.44,48.21,0.00396,0.01091,0.01436,0.01055,0.02947,,,
9/7/2020,22.47,48.35,194.58,90.44,46.83,-0.01458,-0.02854,-0.02717,-0.02187,-0.02904,,,
10/7/2020,23.71,51.48,203.22,95.38,49.09,0.05372,0.06273,0.04345,0.05318,0.04713,,,
13-07-2020,23.87,51.04,206.5,96.75,49.51,0.00673,-0.00858,0.01601,0.01426,0.00852,,,
14-07-2020,23.82,49.04,211.57,97.31,49.78,-0.0021,-0.03997,0.02426,0.00577,0.00544,,,
15-07-2020,24.28,50.69,214.43,98.81,50.62,0.01913,0.03309,0.01343,0.0153,0.01673,,,
16-07-2020,23.62,50.32,212.22,99.09,51.89,-0.02756,-0.00733,-0.01036,0.00283,0.02478,,,
17-07-2020,22.92,49.11,209,97.26,51.66,-0.03008,-0.02434,-0.01529,-0.01864,-0.00444,,,
20-07-2020,23.27,49.03,209.3,96.41,51.12,0.01516,-0.00163,0.00143,-0.00878,-0.01051,,,
21-07-2020,24.1,50.58,209.6,98.5,51.63,0.03505,0.03112,0.00143,0.02145,0.00993,,,
22-07-2020,23.99,50.52,203.65,97.78,50.27,-0.00457,-0.00119,-0.0288,-0.00734,-0.02669,,,
23-07-2020,24.22,50.93,200.7,98.07,49.84,0.00954,0.00808,-0.01459,0.00296,-0.00859,,,
24-07-2020,24.03,50.53,199.17,97.38,49.47,-0.00788,-0.00788,-0.00765,-0.00706,-0.00745,,,
27-07-2020,23.82,50.15,200.7,96.01,50.59,-0.00878,-0.00755,0.00765,-0.01417,0.02239,,,
28-07-2020,24.04,50.13,199.32,96.43,49.55,0.00919,-0.0004,-0.0069,0.00437,-0.02077,,,
29-07-2020,24.94,51.36,200.27,98.76,49.87,0.03675,0.02424,0.00475,0.02388,0.00644,,,
30-07-2020,24.52,49.74,197.25,96.13,48.59,-0.01698,-0.03205,-0.01519,-0.02699,-0.026,,,
31-07-2020,24.55,49.4,195.7,95.75,48.52,0.00122,-0.00686,-0.00789,-0.00396,-0.00144,,,
3/8/2020,24.66,49.77,197.12,95.22,49.1,0.00447,0.00746,0.00723,-0.00555,0.01188,,,
4/8/2020,24.68,49.53,199.34,94.67,48.9,0.00081,-0.00483,0.0112,-0.00579,-0.00408,,,
5/8/2020,25.06,50.42,202.19,96.32,49.4,0.01528,0.01781,0.0142,0.01728,0.01017,,,
6/8/2020,25.14,50.27,201.92,96.35,49.09,0.00319,-0.00298,-0.00134,0.00031,-0.0063,,,
7/8/2020,25.77,51.48,205.89,98.47,49.98,0.02475,0.02378,0.01947,0.02176,0.01797,,,
10/8/2020,26.21,52.21,206.99,99.71,50.21,0.01693,0.01408,0.00533,0.01251,0.00459,,,
11/8/2020,26.57,53.1,208.65,102.87,51.4,0.01364,0.0169,0.00799,0.0312,0.02342,,,
12/8/2020,26.38,52.7,209.71,101.99,51.99,-0.00718,-0.00756,0.00507,-0.00859,0.01141,,,
13-08-2020,26.01,52.24,206.01,101.43,51.8,-0.01413,-0.00877,-0.0178,-0.00551,-0.00366,,,
14-08-2020,26.12,52.28,205.6,101.47,51.92,0.00422,0.00077,-0.00199,0.00039,0.00231,,,
17-08-2020,25.56,50.79,200.75,98.79,50.9,-0.02167,-0.02891,-0.02387,-0.02677,-0.01984,,,
18-08-2020,25.2,49.72,199.01,97.42,50.55,-0.01418,-0.02129,-0.00871,-0.01396,-0.0069,,,
19-08-2020,25.17,49.67,200.7,97.64,50.99,-0.00119,-0.00101,0.00846,0.00226,0.00867,,,
20-08-2020,24.77,48.97,199.55,96.47,50.43,-0.01602,-0.01419,-0.00575,-0.01206,-0.01104,,,
21-08-2020,24.65,48.7,200.12,96.43,50.72,-0.00486,-0.00553,0.00285,-0.00041,0.00573,,,
24-08-2020,25.35,50.43,204.97,99.14,51.98,0.028,0.03491,0.02395,0.02772,0.02454,,,
25-08-2020,25.66,51.02,203.65,99.58,51.67,0.01215,0.01163,-0.00646,0.00443,-0.00598,,,
26-08-2020,25.23,50.23,204.86,98.18,51.33,-0.0169,-0.01561,0.00592,-0.01416,-0.0066,,,
27-08-2020,25.71,51.09,207.75,101.41,52.22,0.01885,0.01698,0.01401,0.03237,0.01719,,,
28-08-2020,25.96,51.64,205.34,101.83,52.5,0.00968,0.01071,-0.01167,0.00413,0.00535,,,
31-08-2020,25.4,50.49,203.76,99.27,51.88,-0.02181,-0.02252,-0.00772,-0.02546,-0.01188,,,
1/9/2020,25.37,50.57,204.35,99.22,52.19,-0.00118,0.00158,0.00289,-0.0005,0.00596,,,
2/9/2020,25.68,51.31,208.9,100.72,52.86,0.01215,0.01453,0.02202,0.015,0.01276,,,
3/9/2020,25.5,50.87,206.43,100.4,52.36,-0.00703,-0.00861,-0.01189,-0.00318,-0.0095,,,
4/9/2020,26.38,51.88,209.8,102.57,52.32,0.03393,0.01966,0.01619,0.02138,-0.00076,,,
8/9/2020,25.32,50.42,201.38,99,49.8,-0.04101,-0.02855,-0.04096,-0.03543,-0.04936,,,
9/9/2020,25.35,50.77,201.12,99.94,50.68,0.00118,0.00692,-0.00129,0.00945,0.01752,,,
10/9/2020,24.98,50.33,198.93,98.91,49.92,-0.0147,-0.0087,-0.01095,-0.01036,-0.01511,,,
11/9/2020,25.34,50.38,199.83,100.14,49.98,0.01431,0.00099,0.00451,0.01236,0.0012,,,
14-09-2020,25.59,47.56,200.25,101.53,50.77,0.00982,-0.0576,0.0021,0.01379,0.01568,,,
15-09-2020,25.12,44.26,196.93,98.37,50.02,-0.01854,-0.07191,-0.01672,-0.03162,-0.01488,,,
16-09-2020,25.44,45.46,199.59,98.78,50.77,0.01266,0.02675,0.01342,0.00416,0.01488,,,
17-09-2020,25.19,44.97,193.77,97.65,49.88,-0.00988,-0.01084,-0.02959,-0.01151,-0.01769,,,
18-09-2020,25.05,44.31,193.8,97.45,49.71,-0.00557,-0.01479,0.00015,-0.00205,-0.00341,,,
21-09-2020,24.32,43.39,192.95,94.43,48,-0.02957,-0.02098,-0.0044,-0.03148,-0.03501,,,
22-09-2020,23.79,42.76,190.58,93.4,47.28,-0.02203,-0.01463,-0.01236,-0.01097,-0.01511,,,
23-09-2020,23.12,41.34,185.11,91.89,46.08,-0.02857,-0.03377,-0.02912,-0.0163,-0.02571,,,
24-09-2020,23.2,41.67,194.05,91.81,46.27,0.00345,0.00795,0.04717,-0.00087,0.00411,,,
25-09-2020,23.34,41.51,193.89,92.61,46.69,0.00602,-0.00385,-0.00082,0.00868,0.00904,,,
28-09-2020,23.94,42.81,197.99,95.28,48.02,0.02538,0.03084,0.02093,0.02842,0.02809,,,
29-09-2020,23.62,41.9,195.72,94.47,46.89,-0.01346,-0.02149,-0.01153,-0.00854,-0.02381,,,
30-09-2020,23.94,42.58,199.88,95.38,47.99,0.01346,0.0161,0.02103,0.00959,0.02319,,,
